image_id,batch,unit_lesson,term_en,translation_ar,suggested_filename,visual_idea_en,generation_prompt_en,status
11,1,U6 LStory,apologize,يعتذر,cartoon-011-apologize.png,one child kindly saying sorry to another child after a small accident,"Clean 2D educational cartoon illustration for a Primary 4 English vocabulary flashcard; portrait 3:4 composition; warm pale-cream background; one focused child-friendly subject or scene; rounded friendly shapes; clean dark navy outlines; soft gentle shadows; bright but balanced colors; no text, English or Arabic letters, numbers, labels, logos, watermark, border, collage, split panel, or extra objects. Target word or phrase: “apologize”. Arabic teaching meaning for interpretation only: “يعتذر”. Show: one child kindly saying sorry to another child after a small accident.",To generate
12,1,U3 L4&5,areas,مناطق,cartoon-012-areas.png,"a simple community park with clearly separate playground, garden, and picnic areas","Clean 2D educational cartoon illustration for a Primary 4 English vocabulary flashcard; portrait 3:4 composition; warm pale-cream background; one focused child-friendly subject or scene; rounded friendly shapes; clean dark navy outlines; soft gentle shadows; bright but balanced colors; no text, English or Arabic letters, numbers, labels, logos, watermark, border, collage, split panel, or extra objects. Target word or phrase: “areas”. Arabic teaching meaning for interpretation only: “مناطق”. Show: a simple community park with clearly separate playground, garden, and picnic areas.",To generate
13,1,U5 L4&5,art,فن,cartoon-013-art.png,"a single clear, child-friendly visual that shows the literal meaning of “art” (فن)","Clean 2D educational cartoon illustration for a Primary 4 English vocabulary flashcard; portrait 3:4 composition; warm pale-cream background; one focused child-friendly subject or scene; rounded friendly shapes; clean dark navy outlines; soft gentle shadows; bright but balanced colors; no text, English or Arabic letters, numbers, labels, logos, watermark, border, collage, split panel, or extra objects. Target word or phrase: “art”. Arabic teaching meaning for interpretation only: “فن”. Show: a single clear, child-friendly visual that shows the literal meaning of “art” (فن).",To generate
14,1,U3 L1,as well,أيضًا,cartoon-014-as-well.png,two children both joining the same friendly activity,"Clean 2D educational cartoon illustration for a Primary 4 English vocabulary flashcard; portrait 3:4 composition; warm pale-cream background; one focused child-friendly subject or scene; rounded friendly shapes; clean dark navy outlines; soft gentle shadows; bright but balanced colors; no text, English or Arabic letters, numbers, labels, logos, watermark, border, collage, split panel, or extra objects. Target word or phrase: “as well”. Arabic teaching meaning for interpretation only: “أيضًا”. Show: two children both joining the same friendly activity.",To generate
15,1,U1 L2,at night,ليلاً,cartoon-015-at-night.png,a child looking through a window at the moon and stars at night,"Clean 2D educational cartoon illustration for a Primary 4 English vocabulary flashcard; portrait 3:4 composition; warm pale-cream background; one focused child-friendly subject or scene; rounded friendly shapes; clean dark navy outlines; soft gentle shadows; bright but balanced colors; no text, English or Arabic letters, numbers, labels, logos, watermark, border, collage, split panel, or extra objects. Target word or phrase: “at night”. Arabic teaching meaning for interpretation only: “ليلاً”. Show: a child looking through a window at the moon and stars at night.",To generate
16,1,U3 L2,attention,اهتمام/عناية,cartoon-016-attention.png,a child listening carefully while a teacher points to a picture board with no writing,"Clean 2D educational cartoon illustration for a Primary 4 English vocabulary flashcard; portrait 3:4 composition; warm pale-cream background; one focused child-friendly subject or scene; rounded friendly shapes; clean dark navy outlines; soft gentle shadows; bright but balanced colors; no text, English or Arabic letters, numbers, labels, logos, watermark, border, collage, split panel, or extra objects. Target word or phrase: “attention”. Arabic teaching meaning for interpretation only: “اهتمام/عناية”. Show: a child listening carefully while a teacher points to a picture board with no writing.",To generate
17,1,U3 L1,bear,دب,cartoon-017-bear.png,"a single clear, child-friendly visual that shows the literal meaning of “bear” (دب)","Clean 2D educational cartoon illustration for a Primary 4 English vocabulary flashcard; portrait 3:4 composition; warm pale-cream background; one focused child-friendly subject or scene; rounded friendly shapes; clean dark navy outlines; soft gentle shadows; bright but balanced colors; no text, English or Arabic letters, numbers, labels, logos, watermark, border, collage, split panel, or extra objects. Target word or phrase: “bear”. Arabic teaching meaning for interpretation only: “دب”. Show: a single clear, child-friendly visual that shows the literal meaning of “bear” (دب).",To generate
18,1,U6 LStory,behavior,سلوك,cartoon-018-behavior.png,children showing polite classroom behaviour by waiting their turn,"Clean 2D educational cartoon illustration for a Primary 4 English vocabulary flashcard; portrait 3:4 composition; warm pale-cream background; one focused child-friendly subject or scene; rounded friendly shapes; clean dark navy outlines; soft gentle shadows; bright but balanced colors; no text, English or Arabic letters, numbers, labels, logos, watermark, border, collage, split panel, or extra objects. Target word or phrase: “behavior”. Arabic teaching meaning for interpretation only: “سلوك”. Show: children showing polite classroom behaviour by waiting their turn.",To generate
19,1,U1 L2,between classes,بين الحصص الدراسية,cartoon-019-between-classes.png,children walking calmly in a school hallway between two lessons,"Clean 2D educational cartoon illustration for a Primary 4 English vocabulary flashcard; portrait 3:4 composition; warm pale-cream background; one focused child-friendly subject or scene; rounded friendly shapes; clean dark navy outlines; soft gentle shadows; bright but balanced colors; no text, English or Arabic letters, numbers, labels, logos, watermark, border, collage, split panel, or extra objects. Target word or phrase: “between classes”. Arabic teaching meaning for interpretation only: “بين الحصص الدراسية”. Show: children walking calmly in a school hallway between two lessons.",To generate
20,1,U2 L2,bin,سلة مهملات,cartoon-020-bin.png,"a single clear, child-friendly visual that shows the literal meaning of “bin” (سلة مهملات)","Clean 2D educational cartoon illustration for a Primary 4 English vocabulary flashcard; portrait 3:4 composition; warm pale-cream background; one focused child-friendly subject or scene; rounded friendly shapes; clean dark navy outlines; soft gentle shadows; bright but balanced colors; no text, English or Arabic letters, numbers, labels, logos, watermark, border, collage, split panel, or extra objects. Target word or phrase: “bin”. Arabic teaching meaning for interpretation only: “سلة مهملات”. Show: a single clear, child-friendly visual that shows the literal meaning of “bin” (سلة مهملات).",To generate
21,1,U5 L3,board,لوح (خشبي),cartoon-021-board.png,"a single clear, child-friendly visual that shows the literal meaning of “board” (لوح (خشبي))","Clean 2D educational cartoon illustration for a Primary 4 English vocabulary flashcard; portrait 3:4 composition; warm pale-cream background; one focused child-friendly subject or scene; rounded friendly shapes; clean dark navy outlines; soft gentle shadows; bright but balanced colors; no text, English or Arabic letters, numbers, labels, logos, watermark, border, collage, split panel, or extra objects. Target word or phrase: “board”. Arabic teaching meaning for interpretation only: “لوح (خشبي)”. Show: a single clear, child-friendly visual that shows the literal meaning of “board” (لوح (خشبي)).",To generate
22,1,U2 L1,bottles,زجاجات,cartoon-022-bottles.png,"a single clear, child-friendly visual that shows the literal meaning of “bottles” (زجاجات)","Clean 2D educational cartoon illustration for a Primary 4 English vocabulary flashcard; portrait 3:4 composition; warm pale-cream background; one focused child-friendly subject or scene; rounded friendly shapes; clean dark navy outlines; soft gentle shadows; bright but balanced colors; no text, English or Arabic letters, numbers, labels, logos, watermark, border, collage, split panel, or extra objects. Target word or phrase: “bottles”. Arabic teaching meaning for interpretation only: “زجاجات”. Show: a single clear, child-friendly visual that shows the literal meaning of “bottles” (زجاجات).",To generate
23,1,U5 L2,brave,شجاع,cartoon-023-brave.png,a brave child calmly helping a frightened friend during a safe situation,"Clean 2D educational cartoon illustration for a Primary 4 English vocabulary flashcard; portrait 3:4 composition; warm pale-cream background; one focused child-friendly subject or scene; rounded friendly shapes; clean dark navy outlines; soft gentle shadows; bright but balanced colors; no text, English or Arabic letters, numbers, labels, logos, watermark, border, collage, split panel, or extra objects. Target word or phrase: “brave”. Arabic teaching meaning for interpretation only: “شجاع”. Show: a brave child calmly helping a frightened friend during a safe situation.",To generate
24,1,U1 L2,break time,وقت الفسحة,cartoon-024-break-time.png,children enjoying a school break in the playground,"Clean 2D educational cartoon illustration for a Primary 4 English vocabulary flashcard; portrait 3:4 composition; warm pale-cream background; one focused child-friendly subject or scene; rounded friendly shapes; clean dark navy outlines; soft gentle shadows; bright but balanced colors; no text, English or Arabic letters, numbers, labels, logos, watermark, border, collage, split panel, or extra objects. Target word or phrase: “break time”. Arabic teaching meaning for interpretation only: “وقت الفسحة”. Show: children enjoying a school break in the playground.",To generate
25,1,U1 L4&5,breakfast,وجبة الإفطار,cartoon-025-breakfast.png,"a single clear, child-friendly visual that shows the literal meaning of “breakfast” (وجبة الإفطار)","Clean 2D educational cartoon illustration for a Primary 4 English vocabulary flashcard; portrait 3:4 composition; warm pale-cream background; one focused child-friendly subject or scene; rounded friendly shapes; clean dark navy outlines; soft gentle shadows; bright but balanced colors; no text, English or Arabic letters, numbers, labels, logos, watermark, border, collage, split panel, or extra objects. Target word or phrase: “breakfast”. Arabic teaching meaning for interpretation only: “وجبة الإفطار”. Show: a single clear, child-friendly visual that shows the literal meaning of “breakfast” (وجبة الإفطار).",To generate
26,1,U1 L2,brown bread,خبز القمح (البلدي),cartoon-026-brown-bread.png,"a single clear, child-friendly visual that shows the literal meaning of “brown bread” (خبز القمح (البلدي))","Clean 2D educational cartoon illustration for a Primary 4 English vocabulary flashcard; portrait 3:4 composition; warm pale-cream background; one focused child-friendly subject or scene; rounded friendly shapes; clean dark navy outlines; soft gentle shadows; bright but balanced colors; no text, English or Arabic letters, numbers, labels, logos, watermark, border, collage, split panel, or extra objects. Target word or phrase: “brown bread”. Arabic teaching meaning for interpretation only: “خبز القمح (البلدي)”. Show: a single clear, child-friendly visual that shows the literal meaning of “brown bread” (خبز القمح (البلدي)).",To generate
27,1,U1 L2,brush teeth,يغسل الأسنان,cartoon-027-brush-teeth.png,"a single clear, child-friendly visual that shows the literal meaning of “brush teeth” (يغسل الأسنان)","Clean 2D educational cartoon illustration for a Primary 4 English vocabulary flashcard; portrait 3:4 composition; warm pale-cream background; one focused child-friendly subject or scene; rounded friendly shapes; clean dark navy outlines; soft gentle shadows; bright but balanced colors; no text, English or Arabic letters, numbers, labels, logos, watermark, border, collage, split panel, or extra objects. Target word or phrase: “brush teeth”. Arabic teaching meaning for interpretation only: “يغسل الأسنان”. Show: a single clear, child-friendly visual that shows the literal meaning of “brush teeth” (يغسل الأسنان).",To generate
28,1,U2 L4&5,build,يبني,cartoon-028-build.png,"a single clear, child-friendly visual that shows the literal meaning of “build” (يبني)","Clean 2D educational cartoon illustration for a Primary 4 English vocabulary flashcard; portrait 3:4 composition; warm pale-cream background; one focused child-friendly subject or scene; rounded friendly shapes; clean dark navy outlines; soft gentle shadows; bright but balanced colors; no text, English or Arabic letters, numbers, labels, logos, watermark, border, collage, split panel, or extra objects. Target word or phrase: “build”. Arabic teaching meaning for interpretation only: “يبني”. Show: a single clear, child-friendly visual that shows the literal meaning of “build” (يبني).",To generate
29,1,U2 L4&5,building,مبنى,cartoon-029-building.png,"a single clear, child-friendly visual that shows the literal meaning of “building” (مبنى)","Clean 2D educational cartoon illustration for a Primary 4 English vocabulary flashcard; portrait 3:4 composition; warm pale-cream background; one focused child-friendly subject or scene; rounded friendly shapes; clean dark navy outlines; soft gentle shadows; bright but balanced colors; no text, English or Arabic letters, numbers, labels, logos, watermark, border, collage, split panel, or extra objects. Target word or phrase: “building”. Arabic teaching meaning for interpretation only: “مبنى”. Show: a single clear, child-friendly visual that shows the literal meaning of “building” (مبنى).",To generate
30,1,U2 L4&5,built,يبني,cartoon-030-built.png,"a single clear, child-friendly visual that shows the literal meaning of “built” (يبني)","Clean 2D educational cartoon illustration for a Primary 4 English vocabulary flashcard; portrait 3:4 composition; warm pale-cream background; one focused child-friendly subject or scene; rounded friendly shapes; clean dark navy outlines; soft gentle shadows; bright but balanced colors; no text, English or Arabic letters, numbers, labels, logos, watermark, border, collage, split panel, or extra objects. Target word or phrase: “built”. Arabic teaching meaning for interpretation only: “يبني”. Show: a single clear, child-friendly visual that shows the literal meaning of “built” (يبني).",To generate
31,1,U6 LStory,bullying,تنمر,cartoon-031-bullying.png,"a kind teacher stopping one child from teasing another child, shown safely and gently","Clean 2D educational cartoon illustration for a Primary 4 English vocabulary flashcard; portrait 3:4 composition; warm pale-cream background; one focused child-friendly subject or scene; rounded friendly shapes; clean dark navy outlines; soft gentle shadows; bright but balanced colors; no text, English or Arabic letters, numbers, labels, logos, watermark, border, collage, split panel, or extra objects. Target word or phrase: “bullying”. Arabic teaching meaning for interpretation only: “تنمر”. Show: a kind teacher stopping one child from teasing another child, shown safely and gently.",To generate
32,1,U4 L1,busy market,سوق مزدحم,cartoon-032-busy-market.png,a colourful Egyptian market with many shoppers and stalls,"Clean 2D educational cartoon illustration for a Primary 4 English vocabulary flashcard; portrait 3:4 composition; warm pale-cream background; one focused child-friendly subject or scene; rounded friendly shapes; clean dark navy outlines; soft gentle shadows; bright but balanced colors; no text, English or Arabic letters, numbers, labels, logos, watermark, border, collage, split panel, or extra objects. Target word or phrase: “busy market”. Arabic teaching meaning for interpretation only: “سوق مزدحم”. Show: a colourful Egyptian market with many shoppers and stalls.",To generate
33,1,U1 L1,butterflies,فراشات,cartoon-033-butterflies.png,"a single clear, child-friendly visual that shows the literal meaning of “butterflies” (فراشات)","Clean 2D educational cartoon illustration for a Primary 4 English vocabulary flashcard; portrait 3:4 composition; warm pale-cream background; one focused child-friendly subject or scene; rounded friendly shapes; clean dark navy outlines; soft gentle shadows; bright but balanced colors; no text, English or Arabic letters, numbers, labels, logos, watermark, border, collage, split panel, or extra objects. Target word or phrase: “butterflies”. Arabic teaching meaning for interpretation only: “فراشات”. Show: a single clear, child-friendly visual that shows the literal meaning of “butterflies” (فراشات).",To generate
34,1,U2 L3,by hand,يدويًا,cartoon-034-by-hand.png,a child carefully making a craft with their hands,"Clean 2D educational cartoon illustration for a Primary 4 English vocabulary flashcard; portrait 3:4 composition; warm pale-cream background; one focused child-friendly subject or scene; rounded friendly shapes; clean dark navy outlines; soft gentle shadows; bright but balanced colors; no text, English or Arabic letters, numbers, labels, logos, watermark, border, collage, split panel, or extra objects. Target word or phrase: “by hand”. Arabic teaching meaning for interpretation only: “يدويًا”. Show: a child carefully making a craft with their hands.",To generate
35,1,U3 L2,cage,قفص,cartoon-035-cage.png,"a single clear, child-friendly visual that shows the literal meaning of “cage” (قفص)","Clean 2D educational cartoon illustration for a Primary 4 English vocabulary flashcard; portrait 3:4 composition; warm pale-cream background; one focused child-friendly subject or scene; rounded friendly shapes; clean dark navy outlines; soft gentle shadows; bright but balanced colors; no text, English or Arabic letters, numbers, labels, logos, watermark, border, collage, split panel, or extra objects. Target word or phrase: “cage”. Arabic teaching meaning for interpretation only: “قفص”. Show: a single clear, child-friendly visual that shows the literal meaning of “cage” (قفص).",To generate
36,1,U4 L1,Cairo Tower,برج القاهرة,cartoon-036-cairo-tower.png,"a single clear, child-friendly visual that shows the literal meaning of “Cairo Tower” (برج القاهرة)","Clean 2D educational cartoon illustration for a Primary 4 English vocabulary flashcard; portrait 3:4 composition; warm pale-cream background; one focused child-friendly subject or scene; rounded friendly shapes; clean dark navy outlines; soft gentle shadows; bright but balanced colors; no text, English or Arabic letters, numbers, labels, logos, watermark, border, collage, split panel, or extra objects. Target word or phrase: “Cairo Tower”. Arabic teaching meaning for interpretation only: “برج القاهرة”. Show: a single clear, child-friendly visual that shows the literal meaning of “Cairo Tower” (برج القاهرة).",To generate
37,1,U3 L3,call out,يصيح/ينادي بصوت عالٍ,cartoon-037-call-out.png,a child calling loudly to a friend across a safe playground,"Clean 2D educational cartoon illustration for a Primary 4 English vocabulary flashcard; portrait 3:4 composition; warm pale-cream background; one focused child-friendly subject or scene; rounded friendly shapes; clean dark navy outlines; soft gentle shadows; bright but balanced colors; no text, English or Arabic letters, numbers, labels, logos, watermark, border, collage, split panel, or extra objects. Target word or phrase: “call out”. Arabic teaching meaning for interpretation only: “يصيح/ينادي بصوت عالٍ”. Show: a child calling loudly to a friend across a safe playground.",To generate
38,1,U5 L1,cap,قبعة,cartoon-038-cap.png,"a single clear, child-friendly visual that shows the literal meaning of “cap” (قبعة)","Clean 2D educational cartoon illustration for a Primary 4 English vocabulary flashcard; portrait 3:4 composition; warm pale-cream background; one focused child-friendly subject or scene; rounded friendly shapes; clean dark navy outlines; soft gentle shadows; bright but balanced colors; no text, English or Arabic letters, numbers, labels, logos, watermark, border, collage, split panel, or extra objects. Target word or phrase: “cap”. Arabic teaching meaning for interpretation only: “قبعة”. Show: a single clear, child-friendly visual that shows the literal meaning of “cap” (قبعة).",To generate
39,1,U3 L2,care,رعاية,cartoon-039-care.png,a child gently caring for a small plant,"Clean 2D educational cartoon illustration for a Primary 4 English vocabulary flashcard; portrait 3:4 composition; warm pale-cream background; one focused child-friendly subject or scene; rounded friendly shapes; clean dark navy outlines; soft gentle shadows; bright but balanced colors; no text, English or Arabic letters, numbers, labels, logos, watermark, border, collage, split panel, or extra objects. Target word or phrase: “care”. Arabic teaching meaning for interpretation only: “رعاية”. Show: a child gently caring for a small plant.",To generate
40,1,U3 L2,care for = take care of,يعتني بـ,cartoon-040-care-for-take-care-of.png,a child feeding and caring for a pet rabbit,"Clean 2D educational cartoon illustration for a Primary 4 English vocabulary flashcard; portrait 3:4 composition; warm pale-cream background; one focused child-friendly subject or scene; rounded friendly shapes; clean dark navy outlines; soft gentle shadows; bright but balanced colors; no text, English or Arabic letters, numbers, labels, logos, watermark, border, collage, split panel, or extra objects. Target word or phrase: “care for = take care of”. Arabic teaching meaning for interpretation only: “يعتني بـ”. Show: a child feeding and caring for a pet rabbit.",To generate
41,1,U5 L3,carelessly,بإهمال,cartoon-041-carelessly.png,a child leaving toys scattered carelessly on the floor while an adult reminds them gently,"Clean 2D educational cartoon illustration for a Primary 4 English vocabulary flashcard; portrait 3:4 composition; warm pale-cream background; one focused child-friendly subject or scene; rounded friendly shapes; clean dark navy outlines; soft gentle shadows; bright but balanced colors; no text, English or Arabic letters, numbers, labels, logos, watermark, border, collage, split panel, or extra objects. Target word or phrase: “carelessly”. Arabic teaching meaning for interpretation only: “بإهمال”. Show: a child leaving toys scattered carelessly on the floor while an adult reminds them gently.",To generate
42,1,U5 L3,carpenter,نجار,cartoon-042-carpenter.png,"a single clear, child-friendly visual that shows the literal meaning of “carpenter” (نجار)","Clean 2D educational cartoon illustration for a Primary 4 English vocabulary flashcard; portrait 3:4 composition; warm pale-cream background; one focused child-friendly subject or scene; rounded friendly shapes; clean dark navy outlines; soft gentle shadows; bright but balanced colors; no text, English or Arabic letters, numbers, labels, logos, watermark, border, collage, split panel, or extra objects. Target word or phrase: “carpenter”. Arabic teaching meaning for interpretation only: “نجار”. Show: a single clear, child-friendly visual that shows the literal meaning of “carpenter” (نجار).",To generate
43,1,U2 L3,carpets,سجاد,cartoon-043-carpets.png,"a single clear, child-friendly visual that shows the literal meaning of “carpets” (سجاد)","Clean 2D educational cartoon illustration for a Primary 4 English vocabulary flashcard; portrait 3:4 composition; warm pale-cream background; one focused child-friendly subject or scene; rounded friendly shapes; clean dark navy outlines; soft gentle shadows; bright but balanced colors; no text, English or Arabic letters, numbers, labels, logos, watermark, border, collage, split panel, or extra objects. Target word or phrase: “carpets”. Arabic teaching meaning for interpretation only: “سجاد”. Show: a single clear, child-friendly visual that shows the literal meaning of “carpets” (سجاد).",To generate
44,1,U5 L2,cartoons,رسوم متحركة,cartoon-044-cartoons.png,"a single clear, child-friendly visual that shows the literal meaning of “cartoons” (رسوم متحركة)","Clean 2D educational cartoon illustration for a Primary 4 English vocabulary flashcard; portrait 3:4 composition; warm pale-cream background; one focused child-friendly subject or scene; rounded friendly shapes; clean dark navy outlines; soft gentle shadows; bright but balanced colors; no text, English or Arabic letters, numbers, labels, logos, watermark, border, collage, split panel, or extra objects. Target word or phrase: “cartoons”. Arabic teaching meaning for interpretation only: “رسوم متحركة”. Show: a single clear, child-friendly visual that shows the literal meaning of “cartoons” (رسوم متحركة).",To generate
45,1,U3 L1,catch,يصطاد,cartoon-045-catch.png,"a single clear, child-friendly visual that shows the literal meaning of “catch” (يصطاد)","Clean 2D educational cartoon illustration for a Primary 4 English vocabulary flashcard; portrait 3:4 composition; warm pale-cream background; one focused child-friendly subject or scene; rounded friendly shapes; clean dark navy outlines; soft gentle shadows; bright but balanced colors; no text, English or Arabic letters, numbers, labels, logos, watermark, border, collage, split panel, or extra objects. Target word or phrase: “catch”. Arabic teaching meaning for interpretation only: “يصطاد”. Show: a single clear, child-friendly visual that shows the literal meaning of “catch” (يصطاد).",To generate
46,1,U3 L1,caught,يصطاد,cartoon-046-caught.png,"a single clear, child-friendly visual that shows the literal meaning of “caught” (يصطاد)","Clean 2D educational cartoon illustration for a Primary 4 English vocabulary flashcard; portrait 3:4 composition; warm pale-cream background; one focused child-friendly subject or scene; rounded friendly shapes; clean dark navy outlines; soft gentle shadows; bright but balanced colors; no text, English or Arabic letters, numbers, labels, logos, watermark, border, collage, split panel, or extra objects. Target word or phrase: “caught”. Arabic teaching meaning for interpretation only: “يصطاد”. Show: a single clear, child-friendly visual that shows the literal meaning of “caught” (يصطاد).",To generate
47,1,U3 L3,cave,كهف,cartoon-047-cave.png,"a single clear, child-friendly visual that shows the literal meaning of “cave” (كهف)","Clean 2D educational cartoon illustration for a Primary 4 English vocabulary flashcard; portrait 3:4 composition; warm pale-cream background; one focused child-friendly subject or scene; rounded friendly shapes; clean dark navy outlines; soft gentle shadows; bright but balanced colors; no text, English or Arabic letters, numbers, labels, logos, watermark, border, collage, split panel, or extra objects. Target word or phrase: “cave”. Arabic teaching meaning for interpretation only: “كهف”. Show: a single clear, child-friendly visual that shows the literal meaning of “cave” (كهف).",To generate
48,1,U2 L3,celebrate,يحتفل,cartoon-048-celebrate.png,children happily celebrating together with simple paper decorations,"Clean 2D educational cartoon illustration for a Primary 4 English vocabulary flashcard; portrait 3:4 composition; warm pale-cream background; one focused child-friendly subject or scene; rounded friendly shapes; clean dark navy outlines; soft gentle shadows; bright but balanced colors; no text, English or Arabic letters, numbers, labels, logos, watermark, border, collage, split panel, or extra objects. Target word or phrase: “celebrate”. Arabic teaching meaning for interpretation only: “يحتفل”. Show: children happily celebrating together with simple paper decorations.",To generate
49,1,U2 L3,celebrated,يحتفل,cartoon-049-celebrated.png,children happily celebrating together with simple paper decorations,"Clean 2D educational cartoon illustration for a Primary 4 English vocabulary flashcard; portrait 3:4 composition; warm pale-cream background; one focused child-friendly subject or scene; rounded friendly shapes; clean dark navy outlines; soft gentle shadows; bright but balanced colors; no text, English or Arabic letters, numbers, labels, logos, watermark, border, collage, split panel, or extra objects. Target word or phrase: “celebrated”. Arabic teaching meaning for interpretation only: “يحتفل”. Show: children happily celebrating together with simple paper decorations.",To generate
50,1,U2 L3,celebration,احتفال,cartoon-050-celebration.png,a happy school celebration with balloons and a small cake but no words,"Clean 2D educational cartoon illustration for a Primary 4 English vocabulary flashcard; portrait 3:4 composition; warm pale-cream background; one focused child-friendly subject or scene; rounded friendly shapes; clean dark navy outlines; soft gentle shadows; bright but balanced colors; no text, English or Arabic letters, numbers, labels, logos, watermark, border, collage, split panel, or extra objects. Target word or phrase: “celebration”. Arabic teaching meaning for interpretation only: “احتفال”. Show: a happy school celebration with balloons and a small cake but no words.",To generate
51,1,U3 L2,challenges,تحديات/صعوبات,cartoon-051-challenges.png,a child climbing a small safe practice wall with a teacher encouraging them,"Clean 2D educational cartoon illustration for a Primary 4 English vocabulary flashcard; portrait 3:4 composition; warm pale-cream background; one focused child-friendly subject or scene; rounded friendly shapes; clean dark navy outlines; soft gentle shadows; bright but balanced colors; no text, English or Arabic letters, numbers, labels, logos, watermark, border, collage, split panel, or extra objects. Target word or phrase: “challenges”. Arabic teaching meaning for interpretation only: “تحديات/صعوبات”. Show: a child climbing a small safe practice wall with a teacher encouraging them.",To generate
52,1,U5 L2,character,شخصية,cartoon-052-character.png,"a cheerful storybook character with a clear, simple costume","Clean 2D educational cartoon illustration for a Primary 4 English vocabulary flashcard; portrait 3:4 composition; warm pale-cream background; one focused child-friendly subject or scene; rounded friendly shapes; clean dark navy outlines; soft gentle shadows; bright but balanced colors; no text, English or Arabic letters, numbers, labels, logos, watermark, border, collage, split panel, or extra objects. Target word or phrase: “character”. Arabic teaching meaning for interpretation only: “شخصية”. Show: a cheerful storybook character with a clear, simple costume.",To generate
53,1,U3 L2,check,يفحص,cartoon-053-check.png,a child carefully checking a school bag before leaving,"Clean 2D educational cartoon illustration for a Primary 4 English vocabulary flashcard; portrait 3:4 composition; warm pale-cream background; one focused child-friendly subject or scene; rounded friendly shapes; clean dark navy outlines; soft gentle shadows; bright but balanced colors; no text, English or Arabic letters, numbers, labels, logos, watermark, border, collage, split panel, or extra objects. Target word or phrase: “check”. Arabic teaching meaning for interpretation only: “يفحص”. Show: a child carefully checking a school bag before leaving.",To generate
54,1,U3 L2,checked,يفحص,cartoon-054-checked.png,a child carefully checking a school bag before leaving,"Clean 2D educational cartoon illustration for a Primary 4 English vocabulary flashcard; portrait 3:4 composition; warm pale-cream background; one focused child-friendly subject or scene; rounded friendly shapes; clean dark navy outlines; soft gentle shadows; bright but balanced colors; no text, English or Arabic letters, numbers, labels, logos, watermark, border, collage, split panel, or extra objects. Target word or phrase: “checked”. Arabic teaching meaning for interpretation only: “يفحص”. Show: a child carefully checking a school bag before leaving.",To generate
55,1,U4 L2,city,مدينة (كبيرة),cartoon-055-city.png,"a single clear, child-friendly visual that shows the literal meaning of “city” (مدينة (كبيرة))","Clean 2D educational cartoon illustration for a Primary 4 English vocabulary flashcard; portrait 3:4 composition; warm pale-cream background; one focused child-friendly subject or scene; rounded friendly shapes; clean dark navy outlines; soft gentle shadows; bright but balanced colors; no text, English or Arabic letters, numbers, labels, logos, watermark, border, collage, split panel, or extra objects. Target word or phrase: “city”. Arabic teaching meaning for interpretation only: “مدينة (كبيرة)”. Show: a single clear, child-friendly visual that shows the literal meaning of “city” (مدينة (كبيرة)).",To generate
56,1,U3 L1,claws,مخالب (الحيوانات),cartoon-056-claws.png,"a single clear, child-friendly visual that shows the literal meaning of “claws” (مخالب (الحيوانات))","Clean 2D educational cartoon illustration for a Primary 4 English vocabulary flashcard; portrait 3:4 composition; warm pale-cream background; one focused child-friendly subject or scene; rounded friendly shapes; clean dark navy outlines; soft gentle shadows; bright but balanced colors; no text, English or Arabic letters, numbers, labels, logos, watermark, border, collage, split panel, or extra objects. Target word or phrase: “claws”. Arabic teaching meaning for interpretation only: “مخالب (الحيوانات)”. Show: a single clear, child-friendly visual that shows the literal meaning of “claws” (مخالب (الحيوانات)).",To generate
57,1,U2 L1,clean,ينظف / نظيف,cartoon-057-clean.png,a child cleaning a classroom table with a cloth,"Clean 2D educational cartoon illustration for a Primary 4 English vocabulary flashcard; portrait 3:4 composition; warm pale-cream background; one focused child-friendly subject or scene; rounded friendly shapes; clean dark navy outlines; soft gentle shadows; bright but balanced colors; no text, English or Arabic letters, numbers, labels, logos, watermark, border, collage, split panel, or extra objects. Target word or phrase: “clean”. Arabic teaching meaning for interpretation only: “ينظف / نظيف”. Show: a child cleaning a classroom table with a cloth.",To generate
58,1,U3 L1,climb,يتسلق,cartoon-058-climb.png,"a single clear, child-friendly visual that shows the literal meaning of “climb” (يتسلق)","Clean 2D educational cartoon illustration for a Primary 4 English vocabulary flashcard; portrait 3:4 composition; warm pale-cream background; one focused child-friendly subject or scene; rounded friendly shapes; clean dark navy outlines; soft gentle shadows; bright but balanced colors; no text, English or Arabic letters, numbers, labels, logos, watermark, border, collage, split panel, or extra objects. Target word or phrase: “climb”. Arabic teaching meaning for interpretation only: “يتسلق”. Show: a single clear, child-friendly visual that shows the literal meaning of “climb” (يتسلق).",To generate
59,1,U3 L1,climbed,يتسلق,cartoon-059-climbed.png,a child safely climbing a playground ladder,"Clean 2D educational cartoon illustration for a Primary 4 English vocabulary flashcard; portrait 3:4 composition; warm pale-cream background; one focused child-friendly subject or scene; rounded friendly shapes; clean dark navy outlines; soft gentle shadows; bright but balanced colors; no text, English or Arabic letters, numbers, labels, logos, watermark, border, collage, split panel, or extra objects. Target word or phrase: “climbed”. Arabic teaching meaning for interpretation only: “يتسلق”. Show: a child safely climbing a playground ladder.",To generate
60,1,U6 LStory,closet,خزانة (دولاب) ملابس,cartoon-060-closet.png,"a single clear, child-friendly visual that shows the literal meaning of “closet” (خزانة (دولاب) ملابس)","Clean 2D educational cartoon illustration for a Primary 4 English vocabulary flashcard; portrait 3:4 composition; warm pale-cream background; one focused child-friendly subject or scene; rounded friendly shapes; clean dark navy outlines; soft gentle shadows; bright but balanced colors; no text, English or Arabic letters, numbers, labels, logos, watermark, border, collage, split panel, or extra objects. Target word or phrase: “closet”. Arabic teaching meaning for interpretation only: “خزانة (دولاب) ملابس”. Show: a single clear, child-friendly visual that shows the literal meaning of “closet” (خزانة (دولاب) ملابس).",To generate
61,2,U2 L1,clothes,ملابس,cartoon-061-clothes.png,"a single clear, child-friendly visual that shows the literal meaning of “clothes” (ملابس)","Clean 2D educational cartoon illustration for a Primary 4 English vocabulary flashcard; portrait 3:4 composition; warm pale-cream background; one focused child-friendly subject or scene; rounded friendly shapes; clean dark navy outlines; soft gentle shadows; bright but balanced colors; no text, English or Arabic letters, numbers, labels, logos, watermark, border, collage, split panel, or extra objects. Target word or phrase: “clothes”. Arabic teaching meaning for interpretation only: “ملابس”. Show: a single clear, child-friendly visual that shows the literal meaning of “clothes” (ملابس).",To generate
62,2,U3 L1,coat,الغطاء الخارجي (للجسم الحيوان),cartoon-062-coat.png,"a single clear, child-friendly visual that shows the literal meaning of “coat” (الغطاء الخارجي (للجسم الحيوان))","Clean 2D educational cartoon illustration for a Primary 4 English vocabulary flashcard; portrait 3:4 composition; warm pale-cream background; one focused child-friendly subject or scene; rounded friendly shapes; clean dark navy outlines; soft gentle shadows; bright but balanced colors; no text, English or Arabic letters, numbers, labels, logos, watermark, border, collage, split panel, or extra objects. Target word or phrase: “coat”. Arabic teaching meaning for interpretation only: “الغطاء الخارجي (للجسم الحيوان)”. Show: a single clear, child-friendly visual that shows the literal meaning of “coat” (الغطاء الخارجي (للجسم الحيوان)).",To generate
63,2,U1 L3,coins,عملات معدنية,cartoon-063-coins.png,"a single clear, child-friendly visual that shows the literal meaning of “coins” (عملات معدنية)","Clean 2D educational cartoon illustration for a Primary 4 English vocabulary flashcard; portrait 3:4 composition; warm pale-cream background; one focused child-friendly subject or scene; rounded friendly shapes; clean dark navy outlines; soft gentle shadows; bright but balanced colors; no text, English or Arabic letters, numbers, labels, logos, watermark, border, collage, split panel, or extra objects. Target word or phrase: “coins”. Arabic teaching meaning for interpretation only: “عملات معدنية”. Show: a single clear, child-friendly visual that shows the literal meaning of “coins” (عملات معدنية).",To generate
64,2,U3 L4&5,collage,فن اللصق,cartoon-064-collage.png,"a single clear, child-friendly visual that shows the literal meaning of “collage” (فن اللصق)","Clean 2D educational cartoon illustration for a Primary 4 English vocabulary flashcard; portrait 3:4 composition; warm pale-cream background; one focused child-friendly subject or scene; rounded friendly shapes; clean dark navy outlines; soft gentle shadows; bright but balanced colors; no text, English or Arabic letters, numbers, labels, logos, watermark, border, collage, split panel, or extra objects. Target word or phrase: “collage”. Arabic teaching meaning for interpretation only: “فن اللصق”. Show: a single clear, child-friendly visual that shows the literal meaning of “collage” (فن اللصق).",To generate
65,2,U2 L1,collect,يجمع,cartoon-065-collect.png,"a single clear, child-friendly visual that shows the literal meaning of “collect” (يجمع)","Clean 2D educational cartoon illustration for a Primary 4 English vocabulary flashcard; portrait 3:4 composition; warm pale-cream background; one focused child-friendly subject or scene; rounded friendly shapes; clean dark navy outlines; soft gentle shadows; bright but balanced colors; no text, English or Arabic letters, numbers, labels, logos, watermark, border, collage, split panel, or extra objects. Target word or phrase: “collect”. Arabic teaching meaning for interpretation only: “يجمع”. Show: a single clear, child-friendly visual that shows the literal meaning of “collect” (يجمع).",To generate
66,2,U1 L1,colorful,ملوّن,cartoon-066-colorful.png,"a single clear, child-friendly visual that shows the literal meaning of “colorful” (ملوّن)","Clean 2D educational cartoon illustration for a Primary 4 English vocabulary flashcard; portrait 3:4 composition; warm pale-cream background; one focused child-friendly subject or scene; rounded friendly shapes; clean dark navy outlines; soft gentle shadows; bright but balanced colors; no text, English or Arabic letters, numbers, labels, logos, watermark, border, collage, split panel, or extra objects. Target word or phrase: “colorful”. Arabic teaching meaning for interpretation only: “ملوّن”. Show: a single clear, child-friendly visual that shows the literal meaning of “colorful” (ملوّن).",To generate
67,2,U1 L3,come inside,تفضل بالدخول,cartoon-067-come-inside.png,a friendly child opening a house door and welcoming a visitor inside,"Clean 2D educational cartoon illustration for a Primary 4 English vocabulary flashcard; portrait 3:4 composition; warm pale-cream background; one focused child-friendly subject or scene; rounded friendly shapes; clean dark navy outlines; soft gentle shadows; bright but balanced colors; no text, English or Arabic letters, numbers, labels, logos, watermark, border, collage, split panel, or extra objects. Target word or phrase: “come inside”. Arabic teaching meaning for interpretation only: “تفضل بالدخول”. Show: a friendly child opening a house door and welcoming a visitor inside.",To generate
68,2,U3 L3,come out,يخرج من,cartoon-068-come-out.png,a small fox coming out of a cave,"Clean 2D educational cartoon illustration for a Primary 4 English vocabulary flashcard; portrait 3:4 composition; warm pale-cream background; one focused child-friendly subject or scene; rounded friendly shapes; clean dark navy outlines; soft gentle shadows; bright but balanced colors; no text, English or Arabic letters, numbers, labels, logos, watermark, border, collage, split panel, or extra objects. Target word or phrase: “come out”. Arabic teaching meaning for interpretation only: “يخرج من”. Show: a small fox coming out of a cave.",To generate
69,2,U2 L1,community park,حديقة مجتمعية,cartoon-069-community-park.png,"a single clear, child-friendly visual that shows the literal meaning of “community park” (حديقة مجتمعية)","Clean 2D educational cartoon illustration for a Primary 4 English vocabulary flashcard; portrait 3:4 composition; warm pale-cream background; one focused child-friendly subject or scene; rounded friendly shapes; clean dark navy outlines; soft gentle shadows; bright but balanced colors; no text, English or Arabic letters, numbers, labels, logos, watermark, border, collage, split panel, or extra objects. Target word or phrase: “community park”. Arabic teaching meaning for interpretation only: “حديقة مجتمعية”. Show: a single clear, child-friendly visual that shows the literal meaning of “community park” (حديقة مجتمعية).",To generate
70,2,U6 LStory,competition,مسابقة,cartoon-070-competition.png,"children taking part in a friendly school drawing competition, no writing","Clean 2D educational cartoon illustration for a Primary 4 English vocabulary flashcard; portrait 3:4 composition; warm pale-cream background; one focused child-friendly subject or scene; rounded friendly shapes; clean dark navy outlines; soft gentle shadows; bright but balanced colors; no text, English or Arabic letters, numbers, labels, logos, watermark, border, collage, split panel, or extra objects. Target word or phrase: “competition”. Arabic teaching meaning for interpretation only: “مسابقة”. Show: children taking part in a friendly school drawing competition, no writing.",To generate
71,2,U5 L1,costume,زي خاص,cartoon-071-costume.png,"a single clear, child-friendly visual that shows the literal meaning of “costume” (زي خاص)","Clean 2D educational cartoon illustration for a Primary 4 English vocabulary flashcard; portrait 3:4 composition; warm pale-cream background; one focused child-friendly subject or scene; rounded friendly shapes; clean dark navy outlines; soft gentle shadows; bright but balanced colors; no text, English or Arabic letters, numbers, labels, logos, watermark, border, collage, split panel, or extra objects. Target word or phrase: “costume”. Arabic teaching meaning for interpretation only: “زي خاص”. Show: a single clear, child-friendly visual that shows the literal meaning of “costume” (زي خاص).",To generate
72,2,U4 L1,country,دولة / بلد,cartoon-072-country.png,"a single clear, child-friendly visual that shows the literal meaning of “country” (دولة / بلد)","Clean 2D educational cartoon illustration for a Primary 4 English vocabulary flashcard; portrait 3:4 composition; warm pale-cream background; one focused child-friendly subject or scene; rounded friendly shapes; clean dark navy outlines; soft gentle shadows; bright but balanced colors; no text, English or Arabic letters, numbers, labels, logos, watermark, border, collage, split panel, or extra objects. Target word or phrase: “country”. Arabic teaching meaning for interpretation only: “دولة / بلد”. Show: a single clear, child-friendly visual that shows the literal meaning of “country” (دولة / بلد).",To generate
73,2,U6 LStory,covered with,مغطى بـ,cartoon-073-covered-with.png,a toy box clearly covered with a colourful blanket,"Clean 2D educational cartoon illustration for a Primary 4 English vocabulary flashcard; portrait 3:4 composition; warm pale-cream background; one focused child-friendly subject or scene; rounded friendly shapes; clean dark navy outlines; soft gentle shadows; bright but balanced colors; no text, English or Arabic letters, numbers, labels, logos, watermark, border, collage, split panel, or extra objects. Target word or phrase: “covered with”. Arabic teaching meaning for interpretation only: “مغطى بـ”. Show: a toy box clearly covered with a colourful blanket.",To generate
74,2,U2 L3,crafts,حرف يدوية,cartoon-074-crafts.png,"a single clear, child-friendly visual that shows the literal meaning of “crafts” (حرف يدوية)","Clean 2D educational cartoon illustration for a Primary 4 English vocabulary flashcard; portrait 3:4 composition; warm pale-cream background; one focused child-friendly subject or scene; rounded friendly shapes; clean dark navy outlines; soft gentle shadows; bright but balanced colors; no text, English or Arabic letters, numbers, labels, logos, watermark, border, collage, split panel, or extra objects. Target word or phrase: “crafts”. Arabic teaching meaning for interpretation only: “حرف يدوية”. Show: a single clear, child-friendly visual that shows the literal meaning of “crafts” (حرف يدوية).",To generate
75,2,U3 L2,create,ينشئ,cartoon-075-create.png,a child creating a colourful paper craft at a table,"Clean 2D educational cartoon illustration for a Primary 4 English vocabulary flashcard; portrait 3:4 composition; warm pale-cream background; one focused child-friendly subject or scene; rounded friendly shapes; clean dark navy outlines; soft gentle shadows; bright but balanced colors; no text, English or Arabic letters, numbers, labels, logos, watermark, border, collage, split panel, or extra objects. Target word or phrase: “create”. Arabic teaching meaning for interpretation only: “ينشئ”. Show: a child creating a colourful paper craft at a table.",To generate
76,2,U3 L2,created,ينشئ,cartoon-076-created.png,a child creating a colourful paper craft at a table,"Clean 2D educational cartoon illustration for a Primary 4 English vocabulary flashcard; portrait 3:4 composition; warm pale-cream background; one focused child-friendly subject or scene; rounded friendly shapes; clean dark navy outlines; soft gentle shadows; bright but balanced colors; no text, English or Arabic letters, numbers, labels, logos, watermark, border, collage, split panel, or extra objects. Target word or phrase: “created”. Arabic teaching meaning for interpretation only: “ينشئ”. Show: a child creating a colourful paper craft at a table.",To generate
77,2,U5 L3,crooked,مائل / منحني / معوج,cartoon-077-crooked.png,a simple crooked wooden shelf beside a straight shelf,"Clean 2D educational cartoon illustration for a Primary 4 English vocabulary flashcard; portrait 3:4 composition; warm pale-cream background; one focused child-friendly subject or scene; rounded friendly shapes; clean dark navy outlines; soft gentle shadows; bright but balanced colors; no text, English or Arabic letters, numbers, labels, logos, watermark, border, collage, split panel, or extra objects. Target word or phrase: “crooked”. Arabic teaching meaning for interpretation only: “مائل / منحني / معوج”. Show: a simple crooked wooden shelf beside a straight shelf.",To generate
78,2,U2 L3,culture,ثقافة,cartoon-078-culture.png,"an Egyptian family sharing traditional music, food, and clothing","Clean 2D educational cartoon illustration for a Primary 4 English vocabulary flashcard; portrait 3:4 composition; warm pale-cream background; one focused child-friendly subject or scene; rounded friendly shapes; clean dark navy outlines; soft gentle shadows; bright but balanced colors; no text, English or Arabic letters, numbers, labels, logos, watermark, border, collage, split panel, or extra objects. Target word or phrase: “culture”. Arabic teaching meaning for interpretation only: “ثقافة”. Show: an Egyptian family sharing traditional music, food, and clothing.",To generate
79,2,U2 L4&5,cycle,يركب دراجة,cartoon-079-cycle.png,a child riding a bicycle safely with a helmet,"Clean 2D educational cartoon illustration for a Primary 4 English vocabulary flashcard; portrait 3:4 composition; warm pale-cream background; one focused child-friendly subject or scene; rounded friendly shapes; clean dark navy outlines; soft gentle shadows; bright but balanced colors; no text, English or Arabic letters, numbers, labels, logos, watermark, border, collage, split panel, or extra objects. Target word or phrase: “cycle”. Arabic teaching meaning for interpretation only: “يركب دراجة”. Show: a child riding a bicycle safely with a helmet.",To generate
80,2,U2 L4&5,cycled,يركب دراجة,cartoon-080-cycled.png,a child riding a bicycle safely with a helmet,"Clean 2D educational cartoon illustration for a Primary 4 English vocabulary flashcard; portrait 3:4 composition; warm pale-cream background; one focused child-friendly subject or scene; rounded friendly shapes; clean dark navy outlines; soft gentle shadows; bright but balanced colors; no text, English or Arabic letters, numbers, labels, logos, watermark, border, collage, split panel, or extra objects. Target word or phrase: “cycled”. Arabic teaching meaning for interpretation only: “يركب دراجة”. Show: a child riding a bicycle safely with a helmet.",To generate
81,2,U3 L2,daily,يومي,cartoon-081-daily.png,"a single clear, child-friendly visual that shows the literal meaning of “daily” (يومي)","Clean 2D educational cartoon illustration for a Primary 4 English vocabulary flashcard; portrait 3:4 composition; warm pale-cream background; one focused child-friendly subject or scene; rounded friendly shapes; clean dark navy outlines; soft gentle shadows; bright but balanced colors; no text, English or Arabic letters, numbers, labels, logos, watermark, border, collage, split panel, or extra objects. Target word or phrase: “daily”. Arabic teaching meaning for interpretation only: “يومي”. Show: a single clear, child-friendly visual that shows the literal meaning of “daily” (يومي).",To generate
82,2,U1 L4&5,daily routine,روتين يومي,cartoon-082-daily-routine.png,a simple morning routine scene with a child getting dressed and packing a school bag,"Clean 2D educational cartoon illustration for a Primary 4 English vocabulary flashcard; portrait 3:4 composition; warm pale-cream background; one focused child-friendly subject or scene; rounded friendly shapes; clean dark navy outlines; soft gentle shadows; bright but balanced colors; no text, English or Arabic letters, numbers, labels, logos, watermark, border, collage, split panel, or extra objects. Target word or phrase: “daily routine”. Arabic teaching meaning for interpretation only: “روتين يومي”. Show: a simple morning routine scene with a child getting dressed and packing a school bag.",To generate
83,2,U3 L4&5,danger,خطر,cartoon-083-danger.png,a child standing safely far from a clear warning situation such as a hot fire,"Clean 2D educational cartoon illustration for a Primary 4 English vocabulary flashcard; portrait 3:4 composition; warm pale-cream background; one focused child-friendly subject or scene; rounded friendly shapes; clean dark navy outlines; soft gentle shadows; bright but balanced colors; no text, English or Arabic letters, numbers, labels, logos, watermark, border, collage, split panel, or extra objects. Target word or phrase: “danger”. Arabic teaching meaning for interpretation only: “خطر”. Show: a child standing safely far from a clear warning situation such as a hot fire.",To generate
84,2,U4 L4&5,dates,تمر,cartoon-084-dates.png,"a single clear, child-friendly visual that shows the literal meaning of “dates” (تمر)","Clean 2D educational cartoon illustration for a Primary 4 English vocabulary flashcard; portrait 3:4 composition; warm pale-cream background; one focused child-friendly subject or scene; rounded friendly shapes; clean dark navy outlines; soft gentle shadows; bright but balanced colors; no text, English or Arabic letters, numbers, labels, logos, watermark, border, collage, split panel, or extra objects. Target word or phrase: “dates”. Arabic teaching meaning for interpretation only: “تمر”. Show: a single clear, child-friendly visual that shows the literal meaning of “dates” (تمر).",To generate
85,2,U4 L4&5,daytime,النهار,cartoon-085-daytime.png,a bright daytime scene with sun in the sky and children outdoors,"Clean 2D educational cartoon illustration for a Primary 4 English vocabulary flashcard; portrait 3:4 composition; warm pale-cream background; one focused child-friendly subject or scene; rounded friendly shapes; clean dark navy outlines; soft gentle shadows; bright but balanced colors; no text, English or Arabic letters, numbers, labels, logos, watermark, border, collage, split panel, or extra objects. Target word or phrase: “daytime”. Arabic teaching meaning for interpretation only: “النهار”. Show: a bright daytime scene with sun in the sky and children outdoors.",To generate
86,2,U2 L3,decorations,زينة / زخارف,cartoon-086-decorations.png,"a single clear, child-friendly visual that shows the literal meaning of “decorations” (زينة / زخارف)","Clean 2D educational cartoon illustration for a Primary 4 English vocabulary flashcard; portrait 3:4 composition; warm pale-cream background; one focused child-friendly subject or scene; rounded friendly shapes; clean dark navy outlines; soft gentle shadows; bright but balanced colors; no text, English or Arabic letters, numbers, labels, logos, watermark, border, collage, split panel, or extra objects. Target word or phrase: “decorations”. Arabic teaching meaning for interpretation only: “زينة / زخارف”. Show: a single clear, child-friendly visual that shows the literal meaning of “decorations” (زينة / زخارف).",To generate
87,2,U1 L3,deep breath,نفس عميق,cartoon-087-deep-breath.png,a child taking a slow deep breath in a calm garden,"Clean 2D educational cartoon illustration for a Primary 4 English vocabulary flashcard; portrait 3:4 composition; warm pale-cream background; one focused child-friendly subject or scene; rounded friendly shapes; clean dark navy outlines; soft gentle shadows; bright but balanced colors; no text, English or Arabic letters, numbers, labels, logos, watermark, border, collage, split panel, or extra objects. Target word or phrase: “deep breath”. Arabic teaching meaning for interpretation only: “نفس عميق”. Show: a child taking a slow deep breath in a calm garden.",To generate
88,2,U2 L3,designs,تصميمات,cartoon-088-designs.png,"a single clear, child-friendly visual that shows the literal meaning of “designs” (تصميمات)","Clean 2D educational cartoon illustration for a Primary 4 English vocabulary flashcard; portrait 3:4 composition; warm pale-cream background; one focused child-friendly subject or scene; rounded friendly shapes; clean dark navy outlines; soft gentle shadows; bright but balanced colors; no text, English or Arabic letters, numbers, labels, logos, watermark, border, collage, split panel, or extra objects. Target word or phrase: “designs”. Arabic teaching meaning for interpretation only: “تصميمات”. Show: a single clear, child-friendly visual that shows the literal meaning of “designs” (تصميمات).",To generate
89,2,U2 L4&5,diary,مفكرة,cartoon-089-diary.png,"a single clear, child-friendly visual that shows the literal meaning of “diary” (مفكرة)","Clean 2D educational cartoon illustration for a Primary 4 English vocabulary flashcard; portrait 3:4 composition; warm pale-cream background; one focused child-friendly subject or scene; rounded friendly shapes; clean dark navy outlines; soft gentle shadows; bright but balanced colors; no text, English or Arabic letters, numbers, labels, logos, watermark, border, collage, split panel, or extra objects. Target word or phrase: “diary”. Arabic teaching meaning for interpretation only: “مفكرة”. Show: a single clear, child-friendly visual that shows the literal meaning of “diary” (مفكرة).",To generate
90,2,U3 L3,die,يموت,cartoon-090-die.png,"a single clear, child-friendly visual that shows the literal meaning of “die” (يموت)","Clean 2D educational cartoon illustration for a Primary 4 English vocabulary flashcard; portrait 3:4 composition; warm pale-cream background; one focused child-friendly subject or scene; rounded friendly shapes; clean dark navy outlines; soft gentle shadows; bright but balanced colors; no text, English or Arabic letters, numbers, labels, logos, watermark, border, collage, split panel, or extra objects. Target word or phrase: “die”. Arabic teaching meaning for interpretation only: “يموت”. Show: a single clear, child-friendly visual that shows the literal meaning of “die” (يموت).",To generate
91,2,U3 L3,died,يموت,cartoon-091-died.png,"a single clear, child-friendly visual that shows the literal meaning of “died” (يموت)","Clean 2D educational cartoon illustration for a Primary 4 English vocabulary flashcard; portrait 3:4 composition; warm pale-cream background; one focused child-friendly subject or scene; rounded friendly shapes; clean dark navy outlines; soft gentle shadows; bright but balanced colors; no text, English or Arabic letters, numbers, labels, logos, watermark, border, collage, split panel, or extra objects. Target word or phrase: “died”. Arabic teaching meaning for interpretation only: “يموت”. Show: a single clear, child-friendly visual that shows the literal meaning of “died” (يموت).",To generate
92,2,U1 L4&5,dinner,وجبة العشاء,cartoon-092-dinner.png,"a single clear, child-friendly visual that shows the literal meaning of “dinner” (وجبة العشاء)","Clean 2D educational cartoon illustration for a Primary 4 English vocabulary flashcard; portrait 3:4 composition; warm pale-cream background; one focused child-friendly subject or scene; rounded friendly shapes; clean dark navy outlines; soft gentle shadows; bright but balanced colors; no text, English or Arabic letters, numbers, labels, logos, watermark, border, collage, split panel, or extra objects. Target word or phrase: “dinner”. Arabic teaching meaning for interpretation only: “وجبة العشاء”. Show: a single clear, child-friendly visual that shows the literal meaning of “dinner” (وجبة العشاء).",To generate
93,2,U2 L2,dirty,غير نظيف,cartoon-093-dirty.png,"a single clear, child-friendly visual that shows the literal meaning of “dirty” (غير نظيف)","Clean 2D educational cartoon illustration for a Primary 4 English vocabulary flashcard; portrait 3:4 composition; warm pale-cream background; one focused child-friendly subject or scene; rounded friendly shapes; clean dark navy outlines; soft gentle shadows; bright but balanced colors; no text, English or Arabic letters, numbers, labels, logos, watermark, border, collage, split panel, or extra objects. Target word or phrase: “dirty”. Arabic teaching meaning for interpretation only: “غير نظيف”. Show: a single clear, child-friendly visual that shows the literal meaning of “dirty” (غير نظيف).",To generate
94,2,U3 L4&5,disappearing,الاختفاء,cartoon-094-disappearing.png,a small animal slowly disappearing behind a bush,"Clean 2D educational cartoon illustration for a Primary 4 English vocabulary flashcard; portrait 3:4 composition; warm pale-cream background; one focused child-friendly subject or scene; rounded friendly shapes; clean dark navy outlines; soft gentle shadows; bright but balanced colors; no text, English or Arabic letters, numbers, labels, logos, watermark, border, collage, split panel, or extra objects. Target word or phrase: “disappearing”. Arabic teaching meaning for interpretation only: “الاختفاء”. Show: a small animal slowly disappearing behind a bush.",To generate
95,2,U2 L2,discuss,يناقش,cartoon-095-discuss.png,two children discussing a picture together at a classroom table,"Clean 2D educational cartoon illustration for a Primary 4 English vocabulary flashcard; portrait 3:4 composition; warm pale-cream background; one focused child-friendly subject or scene; rounded friendly shapes; clean dark navy outlines; soft gentle shadows; bright but balanced colors; no text, English or Arabic letters, numbers, labels, logos, watermark, border, collage, split panel, or extra objects. Target word or phrase: “discuss”. Arabic teaching meaning for interpretation only: “يناقش”. Show: two children discussing a picture together at a classroom table.",To generate
96,2,U2 L2,discussed,يناقش,cartoon-096-discussed.png,two children discussing a picture together at a classroom table,"Clean 2D educational cartoon illustration for a Primary 4 English vocabulary flashcard; portrait 3:4 composition; warm pale-cream background; one focused child-friendly subject or scene; rounded friendly shapes; clean dark navy outlines; soft gentle shadows; bright but balanced colors; no text, English or Arabic letters, numbers, labels, logos, watermark, border, collage, split panel, or extra objects. Target word or phrase: “discussed”. Arabic teaching meaning for interpretation only: “يناقش”. Show: two children discussing a picture together at a classroom table.",To generate
97,2,U2 L1,do a great job,يقوم بعمل رائع,cartoon-097-do-a-great-job.png,a teacher giving a happy thumbs-up to a child who finished a neat craft,"Clean 2D educational cartoon illustration for a Primary 4 English vocabulary flashcard; portrait 3:4 composition; warm pale-cream background; one focused child-friendly subject or scene; rounded friendly shapes; clean dark navy outlines; soft gentle shadows; bright but balanced colors; no text, English or Arabic letters, numbers, labels, logos, watermark, border, collage, split panel, or extra objects. Target word or phrase: “do a great job”. Arabic teaching meaning for interpretation only: “يقوم بعمل رائع”. Show: a teacher giving a happy thumbs-up to a child who finished a neat craft.",To generate
98,2,U1 L2,do exercises,يتدرب / يتمرن,cartoon-098-do-exercises.png,"a single clear, child-friendly visual that shows the literal meaning of “do exercises” (يتدرب / يتمرن)","Clean 2D educational cartoon illustration for a Primary 4 English vocabulary flashcard; portrait 3:4 composition; warm pale-cream background; one focused child-friendly subject or scene; rounded friendly shapes; clean dark navy outlines; soft gentle shadows; bright but balanced colors; no text, English or Arabic letters, numbers, labels, logos, watermark, border, collage, split panel, or extra objects. Target word or phrase: “do exercises”. Arabic teaching meaning for interpretation only: “يتدرب / يتمرن”. Show: a single clear, child-friendly visual that shows the literal meaning of “do exercises” (يتدرب / يتمرن).",To generate
99,2,U1 L2,do well,ينجح / يؤدي جيدًا,cartoon-099-do-well.png,a proud child completing a school task successfully,"Clean 2D educational cartoon illustration for a Primary 4 English vocabulary flashcard; portrait 3:4 composition; warm pale-cream background; one focused child-friendly subject or scene; rounded friendly shapes; clean dark navy outlines; soft gentle shadows; bright but balanced colors; no text, English or Arabic letters, numbers, labels, logos, watermark, border, collage, split panel, or extra objects. Target word or phrase: “do well”. Arabic teaching meaning for interpretation only: “ينجح / يؤدي جيدًا”. Show: a proud child completing a school task successfully.",To generate
100,2,U5 L1,doctor,طبيب,cartoon-100-doctor.png,"a single clear, child-friendly visual that shows the literal meaning of “doctor” (طبيب)","Clean 2D educational cartoon illustration for a Primary 4 English vocabulary flashcard; portrait 3:4 composition; warm pale-cream background; one focused child-friendly subject or scene; rounded friendly shapes; clean dark navy outlines; soft gentle shadows; bright but balanced colors; no text, English or Arabic letters, numbers, labels, logos, watermark, border, collage, split panel, or extra objects. Target word or phrase: “doctor”. Arabic teaching meaning for interpretation only: “طبيب”. Show: a single clear, child-friendly visual that shows the literal meaning of “doctor” (طبيب).",To generate
101,2,U4 L2,doctors,أطباء,cartoon-101-doctors.png,"a single clear, child-friendly visual that shows the literal meaning of “doctors” (أطباء)","Clean 2D educational cartoon illustration for a Primary 4 English vocabulary flashcard; portrait 3:4 composition; warm pale-cream background; one focused child-friendly subject or scene; rounded friendly shapes; clean dark navy outlines; soft gentle shadows; bright but balanced colors; no text, English or Arabic letters, numbers, labels, logos, watermark, border, collage, split panel, or extra objects. Target word or phrase: “doctors”. Arabic teaching meaning for interpretation only: “أطباء”. Show: a single clear, child-friendly visual that shows the literal meaning of “doctors” (أطباء).",To generate
102,2,U1 L2,drank,يشرب,cartoon-102-drank.png,"a single clear, child-friendly visual that shows the literal meaning of “drank” (يشرب)","Clean 2D educational cartoon illustration for a Primary 4 English vocabulary flashcard; portrait 3:4 composition; warm pale-cream background; one focused child-friendly subject or scene; rounded friendly shapes; clean dark navy outlines; soft gentle shadows; bright but balanced colors; no text, English or Arabic letters, numbers, labels, logos, watermark, border, collage, split panel, or extra objects. Target word or phrase: “drank”. Arabic teaching meaning for interpretation only: “يشرب”. Show: a single clear, child-friendly visual that shows the literal meaning of “drank” (يشرب).",To generate
103,2,U6 LStory,drawings,رسومات,cartoon-103-drawings.png,"a single clear, child-friendly visual that shows the literal meaning of “drawings” (رسومات)","Clean 2D educational cartoon illustration for a Primary 4 English vocabulary flashcard; portrait 3:4 composition; warm pale-cream background; one focused child-friendly subject or scene; rounded friendly shapes; clean dark navy outlines; soft gentle shadows; bright but balanced colors; no text, English or Arabic letters, numbers, labels, logos, watermark, border, collage, split panel, or extra objects. Target word or phrase: “drawings”. Arabic teaching meaning for interpretation only: “رسومات”. Show: a single clear, child-friendly visual that shows the literal meaning of “drawings” (رسومات).",To generate
104,2,U6 LStory,dress,فستان,cartoon-104-dress.png,"a single clear, child-friendly visual that shows the literal meaning of “dress” (فستان)","Clean 2D educational cartoon illustration for a Primary 4 English vocabulary flashcard; portrait 3:4 composition; warm pale-cream background; one focused child-friendly subject or scene; rounded friendly shapes; clean dark navy outlines; soft gentle shadows; bright but balanced colors; no text, English or Arabic letters, numbers, labels, logos, watermark, border, collage, split panel, or extra objects. Target word or phrase: “dress”. Arabic teaching meaning for interpretation only: “فستان”. Show: a single clear, child-friendly visual that shows the literal meaning of “dress” (فستان).",To generate
105,2,U1 L2,drink,يشرب,cartoon-105-drink.png,"a single clear, child-friendly visual that shows the literal meaning of “drink” (يشرب)","Clean 2D educational cartoon illustration for a Primary 4 English vocabulary flashcard; portrait 3:4 composition; warm pale-cream background; one focused child-friendly subject or scene; rounded friendly shapes; clean dark navy outlines; soft gentle shadows; bright but balanced colors; no text, English or Arabic letters, numbers, labels, logos, watermark, border, collage, split panel, or extra objects. Target word or phrase: “drink”. Arabic teaching meaning for interpretation only: “يشرب”. Show: a single clear, child-friendly visual that shows the literal meaning of “drink” (يشرب).",To generate
106,2,U1 L2,drink plenty of water,يشرب الكثير من المياه,cartoon-106-drink-plenty-of-water.png,"a single clear, child-friendly visual that shows the literal meaning of “drink plenty of water” (يشرب الكثير من المياه)","Clean 2D educational cartoon illustration for a Primary 4 English vocabulary flashcard; portrait 3:4 composition; warm pale-cream background; one focused child-friendly subject or scene; rounded friendly shapes; clean dark navy outlines; soft gentle shadows; bright but balanced colors; no text, English or Arabic letters, numbers, labels, logos, watermark, border, collage, split panel, or extra objects. Target word or phrase: “drink plenty of water”. Arabic teaching meaning for interpretation only: “يشرب الكثير من المياه”. Show: a single clear, child-friendly visual that shows the literal meaning of “drink plenty of water” (يشرب الكثير من المياه).",To generate
107,2,U3 L1,during the day,أثناء النهار,cartoon-107-during-the-day.png,a bright daytime scene with sun in the sky and children outdoors,"Clean 2D educational cartoon illustration for a Primary 4 English vocabulary flashcard; portrait 3:4 composition; warm pale-cream background; one focused child-friendly subject or scene; rounded friendly shapes; clean dark navy outlines; soft gentle shadows; bright but balanced colors; no text, English or Arabic letters, numbers, labels, logos, watermark, border, collage, split panel, or extra objects. Target word or phrase: “during the day”. Arabic teaching meaning for interpretation only: “أثناء النهار”. Show: a bright daytime scene with sun in the sky and children outdoors.",To generate
108,2,U1 L4&5,eating habits,عادات الأكل (الطعام),cartoon-108-eating-habits.png,a child choosing healthy foods including vegetables and water,"Clean 2D educational cartoon illustration for a Primary 4 English vocabulary flashcard; portrait 3:4 composition; warm pale-cream background; one focused child-friendly subject or scene; rounded friendly shapes; clean dark navy outlines; soft gentle shadows; bright but balanced colors; no text, English or Arabic letters, numbers, labels, logos, watermark, border, collage, split panel, or extra objects. Target word or phrase: “eating habits”. Arabic teaching meaning for interpretation only: “عادات الأكل (الطعام)”. Show: a child choosing healthy foods including vegetables and water.",To generate
109,2,U4 L1,Egyptian Museum,المتحف المصري,cartoon-109-egyptian-museum.png,"a single clear, child-friendly visual that shows the literal meaning of “Egyptian Museum” (المتحف المصري)","Clean 2D educational cartoon illustration for a Primary 4 English vocabulary flashcard; portrait 3:4 composition; warm pale-cream background; one focused child-friendly subject or scene; rounded friendly shapes; clean dark navy outlines; soft gentle shadows; bright but balanced colors; no text, English or Arabic letters, numbers, labels, logos, watermark, border, collage, split panel, or extra objects. Target word or phrase: “Egyptian Museum”. Arabic teaching meaning for interpretation only: “المتحف المصري”. Show: a single clear, child-friendly visual that shows the literal meaning of “Egyptian Museum” (المتحف المصري).",To generate
110,2,U3 L1,elephant,فيل,cartoon-110-elephant.png,"a single clear, child-friendly visual that shows the literal meaning of “elephant” (فيل)","Clean 2D educational cartoon illustration for a Primary 4 English vocabulary flashcard; portrait 3:4 composition; warm pale-cream background; one focused child-friendly subject or scene; rounded friendly shapes; clean dark navy outlines; soft gentle shadows; bright but balanced colors; no text, English or Arabic letters, numbers, labels, logos, watermark, border, collage, split panel, or extra objects. Target word or phrase: “elephant”. Arabic teaching meaning for interpretation only: “فيل”. Show: a single clear, child-friendly visual that shows the literal meaning of “elephant” (فيل).",To generate
111,3,U3 L4&5,endangered,مهدد بالانقراض,cartoon-111-endangered.png,a protected animal with a forest ranger watching over it,"Clean 2D educational cartoon illustration for a Primary 4 English vocabulary flashcard; portrait 3:4 composition; warm pale-cream background; one focused child-friendly subject or scene; rounded friendly shapes; clean dark navy outlines; soft gentle shadows; bright but balanced colors; no text, English or Arabic letters, numbers, labels, logos, watermark, border, collage, split panel, or extra objects. Target word or phrase: “endangered”. Arabic teaching meaning for interpretation only: “مهدد بالانقراض”. Show: a protected animal with a forest ranger watching over it.",To generate
112,3,U1 L2,energy,طاقة,cartoon-112-energy.png,a healthy child running and playing energetically outside,"Clean 2D educational cartoon illustration for a Primary 4 English vocabulary flashcard; portrait 3:4 composition; warm pale-cream background; one focused child-friendly subject or scene; rounded friendly shapes; clean dark navy outlines; soft gentle shadows; bright but balanced colors; no text, English or Arabic letters, numbers, labels, logos, watermark, border, collage, split panel, or extra objects. Target word or phrase: “energy”. Arabic teaching meaning for interpretation only: “طاقة”. Show: a healthy child running and playing energetically outside.",To generate
113,3,U5 L1,engineer,مهندس,cartoon-113-engineer.png,"a single clear, child-friendly visual that shows the literal meaning of “engineer” (مهندس)","Clean 2D educational cartoon illustration for a Primary 4 English vocabulary flashcard; portrait 3:4 composition; warm pale-cream background; one focused child-friendly subject or scene; rounded friendly shapes; clean dark navy outlines; soft gentle shadows; bright but balanced colors; no text, English or Arabic letters, numbers, labels, logos, watermark, border, collage, split panel, or extra objects. Target word or phrase: “engineer”. Arabic teaching meaning for interpretation only: “مهندس”. Show: a single clear, child-friendly visual that shows the literal meaning of “engineer” (مهندس).",To generate
114,3,U1 L2,enjoy,يستمتع بـ,cartoon-114-enjoy.png,a smiling child enjoying a book in a cosy reading corner,"Clean 2D educational cartoon illustration for a Primary 4 English vocabulary flashcard; portrait 3:4 composition; warm pale-cream background; one focused child-friendly subject or scene; rounded friendly shapes; clean dark navy outlines; soft gentle shadows; bright but balanced colors; no text, English or Arabic letters, numbers, labels, logos, watermark, border, collage, split panel, or extra objects. Target word or phrase: “enjoy”. Arabic teaching meaning for interpretation only: “يستمتع بـ”. Show: a smiling child enjoying a book in a cosy reading corner.",To generate
115,3,U1 L2,enjoyed,يستمتع بـ,cartoon-115-enjoyed.png,a smiling child enjoying a book in a cosy reading corner,"Clean 2D educational cartoon illustration for a Primary 4 English vocabulary flashcard; portrait 3:4 composition; warm pale-cream background; one focused child-friendly subject or scene; rounded friendly shapes; clean dark navy outlines; soft gentle shadows; bright but balanced colors; no text, English or Arabic letters, numbers, labels, logos, watermark, border, collage, split panel, or extra objects. Target word or phrase: “enjoyed”. Arabic teaching meaning for interpretation only: “يستمتع بـ”. Show: a smiling child enjoying a book in a cosy reading corner.",To generate
116,3,U3 L3,enter,يدخل,cartoon-116-enter.png,a child entering a classroom through an open door,"Clean 2D educational cartoon illustration for a Primary 4 English vocabulary flashcard; portrait 3:4 composition; warm pale-cream background; one focused child-friendly subject or scene; rounded friendly shapes; clean dark navy outlines; soft gentle shadows; bright but balanced colors; no text, English or Arabic letters, numbers, labels, logos, watermark, border, collage, split panel, or extra objects. Target word or phrase: “enter”. Arabic teaching meaning for interpretation only: “يدخل”. Show: a child entering a classroom through an open door.",To generate
117,3,U3 L3,entered,يدخل,cartoon-117-entered.png,a child entering a classroom through an open door,"Clean 2D educational cartoon illustration for a Primary 4 English vocabulary flashcard; portrait 3:4 composition; warm pale-cream background; one focused child-friendly subject or scene; rounded friendly shapes; clean dark navy outlines; soft gentle shadows; bright but balanced colors; no text, English or Arabic letters, numbers, labels, logos, watermark, border, collage, split panel, or extra objects. Target word or phrase: “entered”. Arabic teaching meaning for interpretation only: “يدخل”. Show: a child entering a classroom through an open door.",To generate
118,3,U5 L4&5,equipment,معدات,cartoon-118-equipment.png,"a single clear, child-friendly visual that shows the literal meaning of “equipment” (معدات)","Clean 2D educational cartoon illustration for a Primary 4 English vocabulary flashcard; portrait 3:4 composition; warm pale-cream background; one focused child-friendly subject or scene; rounded friendly shapes; clean dark navy outlines; soft gentle shadows; bright but balanced colors; no text, English or Arabic letters, numbers, labels, logos, watermark, border, collage, split panel, or extra objects. Target word or phrase: “equipment”. Arabic teaching meaning for interpretation only: “معدات”. Show: a single clear, child-friendly visual that shows the literal meaning of “equipment” (معدات).",To generate
119,3,U2 L2,especially,على وجه الخصوص,cartoon-119-especially.png,a child pointing excitedly to their favourite item in a group of toys,"Clean 2D educational cartoon illustration for a Primary 4 English vocabulary flashcard; portrait 3:4 composition; warm pale-cream background; one focused child-friendly subject or scene; rounded friendly shapes; clean dark navy outlines; soft gentle shadows; bright but balanced colors; no text, English or Arabic letters, numbers, labels, logos, watermark, border, collage, split panel, or extra objects. Target word or phrase: “especially”. Arabic teaching meaning for interpretation only: “على وجه الخصوص”. Show: a child pointing excitedly to their favourite item in a group of toys.",To generate
120,3,U2 L2,everywhere,في كل مكان,cartoon-120-everywhere.png,colourful autumn leaves scattered everywhere in a park,"Clean 2D educational cartoon illustration for a Primary 4 English vocabulary flashcard; portrait 3:4 composition; warm pale-cream background; one focused child-friendly subject or scene; rounded friendly shapes; clean dark navy outlines; soft gentle shadows; bright but balanced colors; no text, English or Arabic letters, numbers, labels, logos, watermark, border, collage, split panel, or extra objects. Target word or phrase: “everywhere”. Arabic teaching meaning for interpretation only: “في كل مكان”. Show: colourful autumn leaves scattered everywhere in a park.",To generate
121,3,U1 L1,excellent,رائع / ممتاز,cartoon-121-excellent.png,"a smiling teacher giving a gold star sticker to a child, no writing","Clean 2D educational cartoon illustration for a Primary 4 English vocabulary flashcard; portrait 3:4 composition; warm pale-cream background; one focused child-friendly subject or scene; rounded friendly shapes; clean dark navy outlines; soft gentle shadows; bright but balanced colors; no text, English or Arabic letters, numbers, labels, logos, watermark, border, collage, split panel, or extra objects. Target word or phrase: “excellent”. Arabic teaching meaning for interpretation only: “رائع / ممتاز”. Show: a smiling teacher giving a gold star sticker to a child, no writing.",To generate
122,3,U5 L2,exciting,ممتع,cartoon-122-exciting.png,children excitedly opening a treasure map for a safe adventure,"Clean 2D educational cartoon illustration for a Primary 4 English vocabulary flashcard; portrait 3:4 composition; warm pale-cream background; one focused child-friendly subject or scene; rounded friendly shapes; clean dark navy outlines; soft gentle shadows; bright but balanced colors; no text, English or Arabic letters, numbers, labels, logos, watermark, border, collage, split panel, or extra objects. Target word or phrase: “exciting”. Arabic teaching meaning for interpretation only: “ممتع”. Show: children excitedly opening a treasure map for a safe adventure.",To generate
123,3,U6 LStory,expensive,غالي الثمن,cartoon-123-expensive.png,a shiny toy displayed behind a shop window with large coins nearby,"Clean 2D educational cartoon illustration for a Primary 4 English vocabulary flashcard; portrait 3:4 composition; warm pale-cream background; one focused child-friendly subject or scene; rounded friendly shapes; clean dark navy outlines; soft gentle shadows; bright but balanced colors; no text, English or Arabic letters, numbers, labels, logos, watermark, border, collage, split panel, or extra objects. Target word or phrase: “expensive”. Arabic teaching meaning for interpretation only: “غالي الثمن”. Show: a shiny toy displayed behind a shop window with large coins nearby.",To generate
124,3,U6 LStory,experience,تجربة,cartoon-124-experience.png,a child trying a new safe activity such as planting a seed for the first time,"Clean 2D educational cartoon illustration for a Primary 4 English vocabulary flashcard; portrait 3:4 composition; warm pale-cream background; one focused child-friendly subject or scene; rounded friendly shapes; clean dark navy outlines; soft gentle shadows; bright but balanced colors; no text, English or Arabic letters, numbers, labels, logos, watermark, border, collage, split panel, or extra objects. Target word or phrase: “experience”. Arabic teaching meaning for interpretation only: “تجربة”. Show: a child trying a new safe activity such as planting a seed for the first time.",To generate
125,3,U3 L2,face,يواجه,cartoon-125-face.png,a child facing a small challenge with a calm confident expression,"Clean 2D educational cartoon illustration for a Primary 4 English vocabulary flashcard; portrait 3:4 composition; warm pale-cream background; one focused child-friendly subject or scene; rounded friendly shapes; clean dark navy outlines; soft gentle shadows; bright but balanced colors; no text, English or Arabic letters, numbers, labels, logos, watermark, border, collage, split panel, or extra objects. Target word or phrase: “face”. Arabic teaching meaning for interpretation only: “يواجه”. Show: a child facing a small challenge with a calm confident expression.",To generate
126,3,U3 L2,faced,يواجه,cartoon-126-faced.png,"a single clear, child-friendly visual that shows the literal meaning of “faced” (يواجه)","Clean 2D educational cartoon illustration for a Primary 4 English vocabulary flashcard; portrait 3:4 composition; warm pale-cream background; one focused child-friendly subject or scene; rounded friendly shapes; clean dark navy outlines; soft gentle shadows; bright but balanced colors; no text, English or Arabic letters, numbers, labels, logos, watermark, border, collage, split panel, or extra objects. Target word or phrase: “faced”. Arabic teaching meaning for interpretation only: “يواجه”. Show: a single clear, child-friendly visual that shows the literal meaning of “faced” (يواجه).",To generate
127,3,U3 L4&5,facts,حقائق,cartoon-127-facts.png,"a single clear, child-friendly visual that shows the literal meaning of “facts” (حقائق)","Clean 2D educational cartoon illustration for a Primary 4 English vocabulary flashcard; portrait 3:4 composition; warm pale-cream background; one focused child-friendly subject or scene; rounded friendly shapes; clean dark navy outlines; soft gentle shadows; bright but balanced colors; no text, English or Arabic letters, numbers, labels, logos, watermark, border, collage, split panel, or extra objects. Target word or phrase: “facts”. Arabic teaching meaning for interpretation only: “حقائق”. Show: a single clear, child-friendly visual that shows the literal meaning of “facts” (حقائق).",To generate
128,3,U6 LStory,faded,باهت,cartoon-128-faded.png,"two cloth pieces, one bright and one faded in colour","Clean 2D educational cartoon illustration for a Primary 4 English vocabulary flashcard; portrait 3:4 composition; warm pale-cream background; one focused child-friendly subject or scene; rounded friendly shapes; clean dark navy outlines; soft gentle shadows; bright but balanced colors; no text, English or Arabic letters, numbers, labels, logos, watermark, border, collage, split panel, or extra objects. Target word or phrase: “faded”. Arabic teaching meaning for interpretation only: “باهت”. Show: two cloth pieces, one bright and one faded in colour.",To generate
129,3,U5 L2,faraway,بعيد,cartoon-129-faraway.png,a child looking through binoculars toward a faraway mountain,"Clean 2D educational cartoon illustration for a Primary 4 English vocabulary flashcard; portrait 3:4 composition; warm pale-cream background; one focused child-friendly subject or scene; rounded friendly shapes; clean dark navy outlines; soft gentle shadows; bright but balanced colors; no text, English or Arabic letters, numbers, labels, logos, watermark, border, collage, split panel, or extra objects. Target word or phrase: “faraway”. Arabic teaching meaning for interpretation only: “بعيد”. Show: a child looking through binoculars toward a faraway mountain.",To generate
130,3,U2 L1,feed,يطعم,cartoon-130-feed.png,"a single clear, child-friendly visual that shows the literal meaning of “feed” (يطعم)","Clean 2D educational cartoon illustration for a Primary 4 English vocabulary flashcard; portrait 3:4 composition; warm pale-cream background; one focused child-friendly subject or scene; rounded friendly shapes; clean dark navy outlines; soft gentle shadows; bright but balanced colors; no text, English or Arabic letters, numbers, labels, logos, watermark, border, collage, split panel, or extra objects. Target word or phrase: “feed”. Arabic teaching meaning for interpretation only: “يطعم”. Show: a single clear, child-friendly visual that shows the literal meaning of “feed” (يطعم).",To generate
131,3,U2 L1,feel,يشعر,cartoon-131-feel.png,a child showing a clear happy feeling with a hand over their heart,"Clean 2D educational cartoon illustration for a Primary 4 English vocabulary flashcard; portrait 3:4 composition; warm pale-cream background; one focused child-friendly subject or scene; rounded friendly shapes; clean dark navy outlines; soft gentle shadows; bright but balanced colors; no text, English or Arabic letters, numbers, labels, logos, watermark, border, collage, split panel, or extra objects. Target word or phrase: “feel”. Arabic teaching meaning for interpretation only: “يشعر”. Show: a child showing a clear happy feeling with a hand over their heart.",To generate
132,3,U2 L1,felt,يشعر,cartoon-132-felt.png,a child showing a clear happy feeling with a hand over their heart,"Clean 2D educational cartoon illustration for a Primary 4 English vocabulary flashcard; portrait 3:4 composition; warm pale-cream background; one focused child-friendly subject or scene; rounded friendly shapes; clean dark navy outlines; soft gentle shadows; bright but balanced colors; no text, English or Arabic letters, numbers, labels, logos, watermark, border, collage, split panel, or extra objects. Target word or phrase: “felt”. Arabic teaching meaning for interpretation only: “يشعر”. Show: a child showing a clear happy feeling with a hand over their heart.",To generate
133,3,U2 L2,fewer,أقل (عددًا),cartoon-133-fewer.png,"two simple groups of apples, one group clearly having fewer apples","Clean 2D educational cartoon illustration for a Primary 4 English vocabulary flashcard; portrait 3:4 composition; warm pale-cream background; one focused child-friendly subject or scene; rounded friendly shapes; clean dark navy outlines; soft gentle shadows; bright but balanced colors; no text, English or Arabic letters, numbers, labels, logos, watermark, border, collage, split panel, or extra objects. Target word or phrase: “fewer”. Arabic teaching meaning for interpretation only: “أقل (عددًا)”. Show: two simple groups of apples, one group clearly having fewer apples.",To generate
134,3,U5 L3,final,نهائي,cartoon-134-final.png,a child reaching the final step of a simple race,"Clean 2D educational cartoon illustration for a Primary 4 English vocabulary flashcard; portrait 3:4 composition; warm pale-cream background; one focused child-friendly subject or scene; rounded friendly shapes; clean dark navy outlines; soft gentle shadows; bright but balanced colors; no text, English or Arabic letters, numbers, labels, logos, watermark, border, collage, split panel, or extra objects. Target word or phrase: “final”. Arabic teaching meaning for interpretation only: “نهائي”. Show: a child reaching the final step of a simple race.",To generate
135,3,U1 L1,fire,حريق / نار,cartoon-135-fire.png,"a single clear, child-friendly visual that shows the literal meaning of “fire” (حريق / نار)","Clean 2D educational cartoon illustration for a Primary 4 English vocabulary flashcard; portrait 3:4 composition; warm pale-cream background; one focused child-friendly subject or scene; rounded friendly shapes; clean dark navy outlines; soft gentle shadows; bright but balanced colors; no text, English or Arabic letters, numbers, labels, logos, watermark, border, collage, split panel, or extra objects. Target word or phrase: “fire”. Arabic teaching meaning for interpretation only: “حريق / نار”. Show: a single clear, child-friendly visual that shows the literal meaning of “fire” (حريق / نار).",To generate
136,3,U5 L4&5,fire station,محطة إطفاء,cartoon-136-fire-station.png,"a single clear, child-friendly visual that shows the literal meaning of “fire station” (محطة إطفاء)","Clean 2D educational cartoon illustration for a Primary 4 English vocabulary flashcard; portrait 3:4 composition; warm pale-cream background; one focused child-friendly subject or scene; rounded friendly shapes; clean dark navy outlines; soft gentle shadows; bright but balanced colors; no text, English or Arabic letters, numbers, labels, logos, watermark, border, collage, split panel, or extra objects. Target word or phrase: “fire station”. Arabic teaching meaning for interpretation only: “محطة إطفاء”. Show: a single clear, child-friendly visual that shows the literal meaning of “fire station” (محطة إطفاء).",To generate
137,3,U5 L1,firefighter,رجل إطفاء,cartoon-137-firefighter.png,"a single clear, child-friendly visual that shows the literal meaning of “firefighter” (رجل إطفاء)","Clean 2D educational cartoon illustration for a Primary 4 English vocabulary flashcard; portrait 3:4 composition; warm pale-cream background; one focused child-friendly subject or scene; rounded friendly shapes; clean dark navy outlines; soft gentle shadows; bright but balanced colors; no text, English or Arabic letters, numbers, labels, logos, watermark, border, collage, split panel, or extra objects. Target word or phrase: “firefighter”. Arabic teaching meaning for interpretation only: “رجل إطفاء”. Show: a single clear, child-friendly visual that shows the literal meaning of “firefighter” (رجل إطفاء).",To generate
138,3,U4 L1,first time,أول مرة,cartoon-138-first-time.png,a child proudly trying a bicycle for the first time with a parent nearby,"Clean 2D educational cartoon illustration for a Primary 4 English vocabulary flashcard; portrait 3:4 composition; warm pale-cream background; one focused child-friendly subject or scene; rounded friendly shapes; clean dark navy outlines; soft gentle shadows; bright but balanced colors; no text, English or Arabic letters, numbers, labels, logos, watermark, border, collage, split panel, or extra objects. Target word or phrase: “first time”. Arabic teaching meaning for interpretation only: “أول مرة”. Show: a child proudly trying a bicycle for the first time with a parent nearby.",To generate
139,3,U3 L4&5,fishing net,شبكة صيد,cartoon-139-fishing-net.png,"a single clear, child-friendly visual that shows the literal meaning of “fishing net” (شبكة صيد)","Clean 2D educational cartoon illustration for a Primary 4 English vocabulary flashcard; portrait 3:4 composition; warm pale-cream background; one focused child-friendly subject or scene; rounded friendly shapes; clean dark navy outlines; soft gentle shadows; bright but balanced colors; no text, English or Arabic letters, numbers, labels, logos, watermark, border, collage, split panel, or extra objects. Target word or phrase: “fishing net”. Arabic teaching meaning for interpretation only: “شبكة صيد”. Show: a single clear, child-friendly visual that shows the literal meaning of “fishing net” (شبكة صيد).",To generate
140,3,U5 L3,fit,يناسب / يلائم,cartoon-140-fit.png,a child checking that a helmet fits comfortably,"Clean 2D educational cartoon illustration for a Primary 4 English vocabulary flashcard; portrait 3:4 composition; warm pale-cream background; one focused child-friendly subject or scene; rounded friendly shapes; clean dark navy outlines; soft gentle shadows; bright but balanced colors; no text, English or Arabic letters, numbers, labels, logos, watermark, border, collage, split panel, or extra objects. Target word or phrase: “fit”. Arabic teaching meaning for interpretation only: “يناسب / يلائم”. Show: a child checking that a helmet fits comfortably.",To generate
141,3,U2 L2,fix,يصلح,cartoon-141-fix.png,"a single clear, child-friendly visual that shows the literal meaning of “fix” (يصلح)","Clean 2D educational cartoon illustration for a Primary 4 English vocabulary flashcard; portrait 3:4 composition; warm pale-cream background; one focused child-friendly subject or scene; rounded friendly shapes; clean dark navy outlines; soft gentle shadows; bright but balanced colors; no text, English or Arabic letters, numbers, labels, logos, watermark, border, collage, split panel, or extra objects. Target word or phrase: “fix”. Arabic teaching meaning for interpretation only: “يصلح”. Show: a single clear, child-friendly visual that shows the literal meaning of “fix” (يصلح).",To generate
142,3,U2 L2,fixed,يصلح,cartoon-142-fixed.png,a carpenter fixing a small wooden chair with simple tools,"Clean 2D educational cartoon illustration for a Primary 4 English vocabulary flashcard; portrait 3:4 composition; warm pale-cream background; one focused child-friendly subject or scene; rounded friendly shapes; clean dark navy outlines; soft gentle shadows; bright but balanced colors; no text, English or Arabic letters, numbers, labels, logos, watermark, border, collage, split panel, or extra objects. Target word or phrase: “fixed”. Arabic teaching meaning for interpretation only: “يصلح”. Show: a carpenter fixing a small wooden chair with simple tools.",To generate
143,3,U3 L3,fluffy tail,ذيل كثيف,cartoon-143-fluffy-tail.png,a fox with a large fluffy tail in a forest,"Clean 2D educational cartoon illustration for a Primary 4 English vocabulary flashcard; portrait 3:4 composition; warm pale-cream background; one focused child-friendly subject or scene; rounded friendly shapes; clean dark navy outlines; soft gentle shadows; bright but balanced colors; no text, English or Arabic letters, numbers, labels, logos, watermark, border, collage, split panel, or extra objects. Target word or phrase: “fluffy tail”. Arabic teaching meaning for interpretation only: “ذيل كثيف”. Show: a fox with a large fluffy tail in a forest.",To generate
144,3,U1 L2,follow,يتبع,cartoon-144-follow.png,a child following a parent along a safe path,"Clean 2D educational cartoon illustration for a Primary 4 English vocabulary flashcard; portrait 3:4 composition; warm pale-cream background; one focused child-friendly subject or scene; rounded friendly shapes; clean dark navy outlines; soft gentle shadows; bright but balanced colors; no text, English or Arabic letters, numbers, labels, logos, watermark, border, collage, split panel, or extra objects. Target word or phrase: “follow”. Arabic teaching meaning for interpretation only: “يتبع”. Show: a child following a parent along a safe path.",To generate
145,3,U1 L2,followed,يتبع,cartoon-145-followed.png,a child following a parent along a safe path,"Clean 2D educational cartoon illustration for a Primary 4 English vocabulary flashcard; portrait 3:4 composition; warm pale-cream background; one focused child-friendly subject or scene; rounded friendly shapes; clean dark navy outlines; soft gentle shadows; bright but balanced colors; no text, English or Arabic letters, numbers, labels, logos, watermark, border, collage, split panel, or extra objects. Target word or phrase: “followed”. Arabic teaching meaning for interpretation only: “يتبع”. Show: a child following a parent along a safe path.",To generate
146,3,U3 L3,footprints,آثار الأقدام,cartoon-146-footprints.png,"a single clear, child-friendly visual that shows the literal meaning of “footprints” (آثار الأقدام)","Clean 2D educational cartoon illustration for a Primary 4 English vocabulary flashcard; portrait 3:4 composition; warm pale-cream background; one focused child-friendly subject or scene; rounded friendly shapes; clean dark navy outlines; soft gentle shadows; bright but balanced colors; no text, English or Arabic letters, numbers, labels, logos, watermark, border, collage, split panel, or extra objects. Target word or phrase: “footprints”. Arabic teaching meaning for interpretation only: “آثار الأقدام”. Show: a single clear, child-friendly visual that shows the literal meaning of “footprints” (آثار الأقدام).",To generate
147,3,U1 L2,for breakfast,في وجبة الإفطار,cartoon-147-for-breakfast.png,"a single clear, child-friendly visual that shows the literal meaning of “for breakfast” (في وجبة الإفطار)","Clean 2D educational cartoon illustration for a Primary 4 English vocabulary flashcard; portrait 3:4 composition; warm pale-cream background; one focused child-friendly subject or scene; rounded friendly shapes; clean dark navy outlines; soft gentle shadows; bright but balanced colors; no text, English or Arabic letters, numbers, labels, logos, watermark, border, collage, split panel, or extra objects. Target word or phrase: “for breakfast”. Arabic teaching meaning for interpretation only: “في وجبة الإفطار”. Show: a single clear, child-friendly visual that shows the literal meaning of “for breakfast” (في وجبة الإفطار).",To generate
148,3,U1 L3,for free,مجانًا,cartoon-148-for-free.png,"a kind librarian giving a child a book for free, no signs or text","Clean 2D educational cartoon illustration for a Primary 4 English vocabulary flashcard; portrait 3:4 composition; warm pale-cream background; one focused child-friendly subject or scene; rounded friendly shapes; clean dark navy outlines; soft gentle shadows; bright but balanced colors; no text, English or Arabic letters, numbers, labels, logos, watermark, border, collage, split panel, or extra objects. Target word or phrase: “for free”. Arabic teaching meaning for interpretation only: “مجانًا”. Show: a kind librarian giving a child a book for free, no signs or text.",To generate
149,3,U2 L3,for special events,للمناسبات الخاصة,cartoon-149-for-special-events.png,a family wearing festive clothes for a special celebration,"Clean 2D educational cartoon illustration for a Primary 4 English vocabulary flashcard; portrait 3:4 composition; warm pale-cream background; one focused child-friendly subject or scene; rounded friendly shapes; clean dark navy outlines; soft gentle shadows; bright but balanced colors; no text, English or Arabic letters, numbers, labels, logos, watermark, border, collage, split panel, or extra objects. Target word or phrase: “for special events”. Arabic teaching meaning for interpretation only: “للمناسبات الخاصة”. Show: a family wearing festive clothes for a special celebration.",To generate
150,3,U3 L1,forest guide,مرشد في الغابة,cartoon-150-forest-guide.png,"a single clear, child-friendly visual that shows the literal meaning of “forest guide” (مرشد في الغابة)","Clean 2D educational cartoon illustration for a Primary 4 English vocabulary flashcard; portrait 3:4 composition; warm pale-cream background; one focused child-friendly subject or scene; rounded friendly shapes; clean dark navy outlines; soft gentle shadows; bright but balanced colors; no text, English or Arabic letters, numbers, labels, logos, watermark, border, collage, split panel, or extra objects. Target word or phrase: “forest guide”. Arabic teaching meaning for interpretation only: “مرشد في الغابة”. Show: a single clear, child-friendly visual that shows the literal meaning of “forest guide” (مرشد في الغابة).",To generate
151,3,U3 L2,forest officer,حارس الغابة,cartoon-151-forest-officer.png,"a single clear, child-friendly visual that shows the literal meaning of “forest officer” (حارس الغابة)","Clean 2D educational cartoon illustration for a Primary 4 English vocabulary flashcard; portrait 3:4 composition; warm pale-cream background; one focused child-friendly subject or scene; rounded friendly shapes; clean dark navy outlines; soft gentle shadows; bright but balanced colors; no text, English or Arabic letters, numbers, labels, logos, watermark, border, collage, split panel, or extra objects. Target word or phrase: “forest officer”. Arabic teaching meaning for interpretation only: “حارس الغابة”. Show: a single clear, child-friendly visual that shows the literal meaning of “forest officer” (حارس الغابة).",To generate
152,3,U3 L1,forest park,منتزه الغابة/غابة مخصصة للتنزه,cartoon-152-forest-park.png,"a single clear, child-friendly visual that shows the literal meaning of “forest park” (منتزه الغابة/غابة مخصصة للتنزه)","Clean 2D educational cartoon illustration for a Primary 4 English vocabulary flashcard; portrait 3:4 composition; warm pale-cream background; one focused child-friendly subject or scene; rounded friendly shapes; clean dark navy outlines; soft gentle shadows; bright but balanced colors; no text, English or Arabic letters, numbers, labels, logos, watermark, border, collage, split panel, or extra objects. Target word or phrase: “forest park”. Arabic teaching meaning for interpretation only: “منتزه الغابة/غابة مخصصة للتنزه”. Show: a single clear, child-friendly visual that shows the literal meaning of “forest park” (منتزه الغابة/غابة مخصصة للتنزه).",To generate
153,3,U3 L4&5,forever,إلى الأبد,cartoon-153-forever.png,two best friends making a promise under a sunny sky,"Clean 2D educational cartoon illustration for a Primary 4 English vocabulary flashcard; portrait 3:4 composition; warm pale-cream background; one focused child-friendly subject or scene; rounded friendly shapes; clean dark navy outlines; soft gentle shadows; bright but balanced colors; no text, English or Arabic letters, numbers, labels, logos, watermark, border, collage, split panel, or extra objects. Target word or phrase: “forever”. Arabic teaching meaning for interpretation only: “إلى الأبد”. Show: two best friends making a promise under a sunny sky.",To generate
154,3,U3 L3,fox,ثعلب,cartoon-154-fox.png,"a single clear, child-friendly visual that shows the literal meaning of “fox” (ثعلب)","Clean 2D educational cartoon illustration for a Primary 4 English vocabulary flashcard; portrait 3:4 composition; warm pale-cream background; one focused child-friendly subject or scene; rounded friendly shapes; clean dark navy outlines; soft gentle shadows; bright but balanced colors; no text, English or Arabic letters, numbers, labels, logos, watermark, border, collage, split panel, or extra objects. Target word or phrase: “fox”. Arabic teaching meaning for interpretation only: “ثعلب”. Show: a single clear, child-friendly visual that shows the literal meaning of “fox” (ثعلب).",To generate
155,3,U1 L2,fresh,طازج,cartoon-155-fresh.png,fresh vegetables and fruit on a clean kitchen table,"Clean 2D educational cartoon illustration for a Primary 4 English vocabulary flashcard; portrait 3:4 composition; warm pale-cream background; one focused child-friendly subject or scene; rounded friendly shapes; clean dark navy outlines; soft gentle shadows; bright but balanced colors; no text, English or Arabic letters, numbers, labels, logos, watermark, border, collage, split panel, or extra objects. Target word or phrase: “fresh”. Arabic teaching meaning for interpretation only: “طازج”. Show: fresh vegetables and fruit on a clean kitchen table.",To generate
156,3,U3 L1,fur,فراء (شعر كثيف),cartoon-156-fur.png,"a single clear, child-friendly visual that shows the literal meaning of “fur” (فراء (شعر كثيف))","Clean 2D educational cartoon illustration for a Primary 4 English vocabulary flashcard; portrait 3:4 composition; warm pale-cream background; one focused child-friendly subject or scene; rounded friendly shapes; clean dark navy outlines; soft gentle shadows; bright but balanced colors; no text, English or Arabic letters, numbers, labels, logos, watermark, border, collage, split panel, or extra objects. Target word or phrase: “fur”. Arabic teaching meaning for interpretation only: “فراء (شعر كثيف)”. Show: a single clear, child-friendly visual that shows the literal meaning of “fur” (فراء (شعر كثيف)).",To generate
157,3,U5 L3,furniture,أثاث,cartoon-157-furniture.png,"a single clear, child-friendly visual that shows the literal meaning of “furniture” (أثاث)","Clean 2D educational cartoon illustration for a Primary 4 English vocabulary flashcard; portrait 3:4 composition; warm pale-cream background; one focused child-friendly subject or scene; rounded friendly shapes; clean dark navy outlines; soft gentle shadows; bright but balanced colors; no text, English or Arabic letters, numbers, labels, logos, watermark, border, collage, split panel, or extra objects. Target word or phrase: “furniture”. Arabic teaching meaning for interpretation only: “أثاث”. Show: a single clear, child-friendly visual that shows the literal meaning of “furniture” (أثاث).",To generate
158,3,U2 L3,galabeya,جلابية,cartoon-158-galabeya.png,"a single clear, child-friendly visual that shows the literal meaning of “galabeya” (جلابية)","Clean 2D educational cartoon illustration for a Primary 4 English vocabulary flashcard; portrait 3:4 composition; warm pale-cream background; one focused child-friendly subject or scene; rounded friendly shapes; clean dark navy outlines; soft gentle shadows; bright but balanced colors; no text, English or Arabic letters, numbers, labels, logos, watermark, border, collage, split panel, or extra objects. Target word or phrase: “galabeya”. Arabic teaching meaning for interpretation only: “جلابية”. Show: a single clear, child-friendly visual that shows the literal meaning of “galabeya” (جلابية).",To generate
159,3,U2 L1,gave,يعطي,cartoon-159-gave.png,"a single clear, child-friendly visual that shows the literal meaning of “gave” (يعطي)","Clean 2D educational cartoon illustration for a Primary 4 English vocabulary flashcard; portrait 3:4 composition; warm pale-cream background; one focused child-friendly subject or scene; rounded friendly shapes; clean dark navy outlines; soft gentle shadows; bright but balanced colors; no text, English or Arabic letters, numbers, labels, logos, watermark, border, collage, split panel, or extra objects. Target word or phrase: “gave”. Arabic teaching meaning for interpretation only: “يعطي”. Show: a single clear, child-friendly visual that shows the literal meaning of “gave” (يعطي).",To generate
160,3,U3 L4&5,gentle,لطيف,cartoon-160-gentle.png,a child gently holding a small bird in their hands,"Clean 2D educational cartoon illustration for a Primary 4 English vocabulary flashcard; portrait 3:4 composition; warm pale-cream background; one focused child-friendly subject or scene; rounded friendly shapes; clean dark navy outlines; soft gentle shadows; bright but balanced colors; no text, English or Arabic letters, numbers, labels, logos, watermark, border, collage, split panel, or extra objects. Target word or phrase: “gentle”. Arabic teaching meaning for interpretation only: “لطيف”. Show: a child gently holding a small bird in their hands.",To generate
161,4,U1 L4&5,get dressed,يرتدي,cartoon-161-get-dressed.png,"a single clear, child-friendly visual that shows the literal meaning of “get dressed” (يرتدي)","Clean 2D educational cartoon illustration for a Primary 4 English vocabulary flashcard; portrait 3:4 composition; warm pale-cream background; one focused child-friendly subject or scene; rounded friendly shapes; clean dark navy outlines; soft gentle shadows; bright but balanced colors; no text, English or Arabic letters, numbers, labels, logos, watermark, border, collage, split panel, or extra objects. Target word or phrase: “get dressed”. Arabic teaching meaning for interpretation only: “يرتدي”. Show: a single clear, child-friendly visual that shows the literal meaning of “get dressed” (يرتدي).",To generate
162,4,U1 L2,getting enough sleep,الحصول على قدر كافٍ من النوم,cartoon-162-getting-enough-sleep.png,a child sleeping peacefully in bed with a moon and stars outside,"Clean 2D educational cartoon illustration for a Primary 4 English vocabulary flashcard; portrait 3:4 composition; warm pale-cream background; one focused child-friendly subject or scene; rounded friendly shapes; clean dark navy outlines; soft gentle shadows; bright but balanced colors; no text, English or Arabic letters, numbers, labels, logos, watermark, border, collage, split panel, or extra objects. Target word or phrase: “getting enough sleep”. Arabic teaching meaning for interpretation only: “الحصول على قدر كافٍ من النوم”. Show: a child sleeping peacefully in bed with a moon and stars outside.",To generate
163,4,U4 L1,gifts,هدايا,cartoon-163-gifts.png,"a single clear, child-friendly visual that shows the literal meaning of “gifts” (هدايا)","Clean 2D educational cartoon illustration for a Primary 4 English vocabulary flashcard; portrait 3:4 composition; warm pale-cream background; one focused child-friendly subject or scene; rounded friendly shapes; clean dark navy outlines; soft gentle shadows; bright but balanced colors; no text, English or Arabic letters, numbers, labels, logos, watermark, border, collage, split panel, or extra objects. Target word or phrase: “gifts”. Arabic teaching meaning for interpretation only: “هدايا”. Show: a single clear, child-friendly visual that shows the literal meaning of “gifts” (هدايا).",To generate
164,4,U3 L1,giraffe,زرافة,cartoon-164-giraffe.png,"a single clear, child-friendly visual that shows the literal meaning of “giraffe” (زرافة)","Clean 2D educational cartoon illustration for a Primary 4 English vocabulary flashcard; portrait 3:4 composition; warm pale-cream background; one focused child-friendly subject or scene; rounded friendly shapes; clean dark navy outlines; soft gentle shadows; bright but balanced colors; no text, English or Arabic letters, numbers, labels, logos, watermark, border, collage, split panel, or extra objects. Target word or phrase: “giraffe”. Arabic teaching meaning for interpretation only: “زرافة”. Show: a single clear, child-friendly visual that shows the literal meaning of “giraffe” (زرافة).",To generate
165,4,U2 L1,give,يعطي,cartoon-165-give.png,"a single clear, child-friendly visual that shows the literal meaning of “give” (يعطي)","Clean 2D educational cartoon illustration for a Primary 4 English vocabulary flashcard; portrait 3:4 composition; warm pale-cream background; one focused child-friendly subject or scene; rounded friendly shapes; clean dark navy outlines; soft gentle shadows; bright but balanced colors; no text, English or Arabic letters, numbers, labels, logos, watermark, border, collage, split panel, or extra objects. Target word or phrase: “give”. Arabic teaching meaning for interpretation only: “يعطي”. Show: a single clear, child-friendly visual that shows the literal meaning of “give” (يعطي).",To generate
166,4,U1 L3,greedy,طماع / جشع,cartoon-166-greedy.png,"a child trying to keep too many sweets while friends wait, shown gently","Clean 2D educational cartoon illustration for a Primary 4 English vocabulary flashcard; portrait 3:4 composition; warm pale-cream background; one focused child-friendly subject or scene; rounded friendly shapes; clean dark navy outlines; soft gentle shadows; bright but balanced colors; no text, English or Arabic letters, numbers, labels, logos, watermark, border, collage, split panel, or extra objects. Target word or phrase: “greedy”. Arabic teaching meaning for interpretation only: “طماع / جشع”. Show: a child trying to keep too many sweets while friends wait, shown gently.",To generate
167,4,U1 L2,grew,يزرع,cartoon-167-grew.png,a small green plant growing taller from a seed,"Clean 2D educational cartoon illustration for a Primary 4 English vocabulary flashcard; portrait 3:4 composition; warm pale-cream background; one focused child-friendly subject or scene; rounded friendly shapes; clean dark navy outlines; soft gentle shadows; bright but balanced colors; no text, English or Arabic letters, numbers, labels, logos, watermark, border, collage, split panel, or extra objects. Target word or phrase: “grew”. Arabic teaching meaning for interpretation only: “يزرع”. Show: a small green plant growing taller from a seed.",To generate
168,4,U2 L2,ground,أرض,cartoon-168-ground.png,"a single clear, child-friendly visual that shows the literal meaning of “ground” (أرض)","Clean 2D educational cartoon illustration for a Primary 4 English vocabulary flashcard; portrait 3:4 composition; warm pale-cream background; one focused child-friendly subject or scene; rounded friendly shapes; clean dark navy outlines; soft gentle shadows; bright but balanced colors; no text, English or Arabic letters, numbers, labels, logos, watermark, border, collage, split panel, or extra objects. Target word or phrase: “ground”. Arabic teaching meaning for interpretation only: “أرض”. Show: a single clear, child-friendly visual that shows the literal meaning of “ground” (أرض).",To generate
169,4,U1 L2,grow,يزرع,cartoon-169-grow.png,"a single clear, child-friendly visual that shows the literal meaning of “grow” (يزرع)","Clean 2D educational cartoon illustration for a Primary 4 English vocabulary flashcard; portrait 3:4 composition; warm pale-cream background; one focused child-friendly subject or scene; rounded friendly shapes; clean dark navy outlines; soft gentle shadows; bright but balanced colors; no text, English or Arabic letters, numbers, labels, logos, watermark, border, collage, split panel, or extra objects. Target word or phrase: “grow”. Arabic teaching meaning for interpretation only: “يزرع”. Show: a single clear, child-friendly visual that shows the literal meaning of “grow” (يزرع).",To generate
170,4,U3 L4&5,habitats,مواطن/بيئات,cartoon-170-habitats.png,"a single clear, child-friendly visual that shows the literal meaning of “habitats” (مواطن/بيئات)","Clean 2D educational cartoon illustration for a Primary 4 English vocabulary flashcard; portrait 3:4 composition; warm pale-cream background; one focused child-friendly subject or scene; rounded friendly shapes; clean dark navy outlines; soft gentle shadows; bright but balanced colors; no text, English or Arabic letters, numbers, labels, logos, watermark, border, collage, split panel, or extra objects. Target word or phrase: “habitats”. Arabic teaching meaning for interpretation only: “مواطن/بيئات”. Show: a single clear, child-friendly visual that shows the literal meaning of “habitats” (مواطن/بيئات).",To generate
171,4,U1 L1,hard,صلب / خشن,cartoon-171-hard.png,a child touching a hard wooden block,"Clean 2D educational cartoon illustration for a Primary 4 English vocabulary flashcard; portrait 3:4 composition; warm pale-cream background; one focused child-friendly subject or scene; rounded friendly shapes; clean dark navy outlines; soft gentle shadows; bright but balanced colors; no text, English or Arabic letters, numbers, labels, logos, watermark, border, collage, split panel, or extra objects. Target word or phrase: “hard”. Arabic teaching meaning for interpretation only: “صلب / خشن”. Show: a child touching a hard wooden block.",To generate
172,4,U2 L3,harvest,حصاد,cartoon-172-harvest.png,"a single clear, child-friendly visual that shows the literal meaning of “harvest” (حصاد)","Clean 2D educational cartoon illustration for a Primary 4 English vocabulary flashcard; portrait 3:4 composition; warm pale-cream background; one focused child-friendly subject or scene; rounded friendly shapes; clean dark navy outlines; soft gentle shadows; bright but balanced colors; no text, English or Arabic letters, numbers, labels, logos, watermark, border, collage, split panel, or extra objects. Target word or phrase: “harvest”. Arabic teaching meaning for interpretation only: “حصاد”. Show: a single clear, child-friendly visual that shows the literal meaning of “harvest” (حصاد).",To generate
173,4,U3 L2,health,صحة,cartoon-173-health.png,"a single clear, child-friendly visual that shows the literal meaning of “health” (صحة)","Clean 2D educational cartoon illustration for a Primary 4 English vocabulary flashcard; portrait 3:4 composition; warm pale-cream background; one focused child-friendly subject or scene; rounded friendly shapes; clean dark navy outlines; soft gentle shadows; bright but balanced colors; no text, English or Arabic letters, numbers, labels, logos, watermark, border, collage, split panel, or extra objects. Target word or phrase: “health”. Arabic teaching meaning for interpretation only: “صحة”. Show: a single clear, child-friendly visual that shows the literal meaning of “health” (صحة).",To generate
174,4,U1 L4&5,healthy,صحي,cartoon-174-healthy.png,a healthy child eating vegetables and drinking water,"Clean 2D educational cartoon illustration for a Primary 4 English vocabulary flashcard; portrait 3:4 composition; warm pale-cream background; one focused child-friendly subject or scene; rounded friendly shapes; clean dark navy outlines; soft gentle shadows; bright but balanced colors; no text, English or Arabic letters, numbers, labels, logos, watermark, border, collage, split panel, or extra objects. Target word or phrase: “healthy”. Arabic teaching meaning for interpretation only: “صحي”. Show: a healthy child eating vegetables and drinking water.",To generate
175,4,U1 L1,hear,يسمع,cartoon-175-hear.png,"a single clear, child-friendly visual that shows the literal meaning of “hear” (يسمع)","Clean 2D educational cartoon illustration for a Primary 4 English vocabulary flashcard; portrait 3:4 composition; warm pale-cream background; one focused child-friendly subject or scene; rounded friendly shapes; clean dark navy outlines; soft gentle shadows; bright but balanced colors; no text, English or Arabic letters, numbers, labels, logos, watermark, border, collage, split panel, or extra objects. Target word or phrase: “hear”. Arabic teaching meaning for interpretation only: “يسمع”. Show: a single clear, child-friendly visual that shows the literal meaning of “hear” (يسمع).",To generate
176,4,U1 L1,heard,يسمع,cartoon-176-heard.png,"a single clear, child-friendly visual that shows the literal meaning of “heard” (يسمع)","Clean 2D educational cartoon illustration for a Primary 4 English vocabulary flashcard; portrait 3:4 composition; warm pale-cream background; one focused child-friendly subject or scene; rounded friendly shapes; clean dark navy outlines; soft gentle shadows; bright but balanced colors; no text, English or Arabic letters, numbers, labels, logos, watermark, border, collage, split panel, or extra objects. Target word or phrase: “heard”. Arabic teaching meaning for interpretation only: “يسمع”. Show: a single clear, child-friendly visual that shows the literal meaning of “heard” (يسمع).",To generate
177,4,U1 L1,hearing,حاسة السمع,cartoon-177-hearing.png,"a single clear, child-friendly visual that shows the literal meaning of “hearing” (حاسة السمع)","Clean 2D educational cartoon illustration for a Primary 4 English vocabulary flashcard; portrait 3:4 composition; warm pale-cream background; one focused child-friendly subject or scene; rounded friendly shapes; clean dark navy outlines; soft gentle shadows; bright but balanced colors; no text, English or Arabic letters, numbers, labels, logos, watermark, border, collage, split panel, or extra objects. Target word or phrase: “hearing”. Arabic teaching meaning for interpretation only: “حاسة السمع”. Show: a single clear, child-friendly visual that shows the literal meaning of “hearing” (حاسة السمع).",To generate
178,4,U5 L4&5,heavy,ثقيل,cartoon-178-heavy.png,a child and an adult lifting one heavy box together safely,"Clean 2D educational cartoon illustration for a Primary 4 English vocabulary flashcard; portrait 3:4 composition; warm pale-cream background; one focused child-friendly subject or scene; rounded friendly shapes; clean dark navy outlines; soft gentle shadows; bright but balanced colors; no text, English or Arabic letters, numbers, labels, logos, watermark, border, collage, split panel, or extra objects. Target word or phrase: “heavy”. Arabic teaching meaning for interpretation only: “ثقيل”. Show: a child and an adult lifting one heavy box together safely.",To generate
179,4,U5 L1,helmet,خوذة,cartoon-179-helmet.png,"a single clear, child-friendly visual that shows the literal meaning of “helmet” (خوذة)","Clean 2D educational cartoon illustration for a Primary 4 English vocabulary flashcard; portrait 3:4 composition; warm pale-cream background; one focused child-friendly subject or scene; rounded friendly shapes; clean dark navy outlines; soft gentle shadows; bright but balanced colors; no text, English or Arabic letters, numbers, labels, logos, watermark, border, collage, split panel, or extra objects. Target word or phrase: “helmet”. Arabic teaching meaning for interpretation only: “خوذة”. Show: a single clear, child-friendly visual that shows the literal meaning of “helmet” (خوذة).",To generate
180,4,U2 L1,help,يساعد,cartoon-180-help.png,"a single clear, child-friendly visual that shows the literal meaning of “help” (يساعد)","Clean 2D educational cartoon illustration for a Primary 4 English vocabulary flashcard; portrait 3:4 composition; warm pale-cream background; one focused child-friendly subject or scene; rounded friendly shapes; clean dark navy outlines; soft gentle shadows; bright but balanced colors; no text, English or Arabic letters, numbers, labels, logos, watermark, border, collage, split panel, or extra objects. Target word or phrase: “help”. Arabic teaching meaning for interpretation only: “يساعد”. Show: a single clear, child-friendly visual that shows the literal meaning of “help” (يساعد).",To generate
181,4,U2 L1,helping hands,أيدي المساعدة,cartoon-181-helping-hands.png,several children joining hands to help clean a community park,"Clean 2D educational cartoon illustration for a Primary 4 English vocabulary flashcard; portrait 3:4 composition; warm pale-cream background; one focused child-friendly subject or scene; rounded friendly shapes; clean dark navy outlines; soft gentle shadows; bright but balanced colors; no text, English or Arabic letters, numbers, labels, logos, watermark, border, collage, split panel, or extra objects. Target word or phrase: “helping hands”. Arabic teaching meaning for interpretation only: “أيدي المساعدة”. Show: several children joining hands to help clean a community park.",To generate
182,4,U5 L4&5,hero,بطل,cartoon-182-hero.png,"a single clear, child-friendly visual that shows the literal meaning of “hero” (بطل)","Clean 2D educational cartoon illustration for a Primary 4 English vocabulary flashcard; portrait 3:4 composition; warm pale-cream background; one focused child-friendly subject or scene; rounded friendly shapes; clean dark navy outlines; soft gentle shadows; bright but balanced colors; no text, English or Arabic letters, numbers, labels, logos, watermark, border, collage, split panel, or extra objects. Target word or phrase: “hero”. Arabic teaching meaning for interpretation only: “بطل”. Show: a single clear, child-friendly visual that shows the literal meaning of “hero” (بطل).",To generate
183,4,U5 L2,high,مرتفع,cartoon-183-high.png,a kite flying high above a playground,"Clean 2D educational cartoon illustration for a Primary 4 English vocabulary flashcard; portrait 3:4 composition; warm pale-cream background; one focused child-friendly subject or scene; rounded friendly shapes; clean dark navy outlines; soft gentle shadows; bright but balanced colors; no text, English or Arabic letters, numbers, labels, logos, watermark, border, collage, split panel, or extra objects. Target word or phrase: “high”. Arabic teaching meaning for interpretation only: “مرتفع”. Show: a kite flying high above a playground.",To generate
184,4,U2 L4&5,history,تاريخ,cartoon-184-history.png,"a single clear, child-friendly visual that shows the literal meaning of “history” (تاريخ)","Clean 2D educational cartoon illustration for a Primary 4 English vocabulary flashcard; portrait 3:4 composition; warm pale-cream background; one focused child-friendly subject or scene; rounded friendly shapes; clean dark navy outlines; soft gentle shadows; bright but balanced colors; no text, English or Arabic letters, numbers, labels, logos, watermark, border, collage, split panel, or extra objects. Target word or phrase: “history”. Arabic teaching meaning for interpretation only: “تاريخ”. Show: a single clear, child-friendly visual that shows the literal meaning of “history” (تاريخ).",To generate
185,4,U3 L2,home,موطن,cartoon-185-home.png,"a single clear, child-friendly visual that shows the literal meaning of “home” (موطن)","Clean 2D educational cartoon illustration for a Primary 4 English vocabulary flashcard; portrait 3:4 composition; warm pale-cream background; one focused child-friendly subject or scene; rounded friendly shapes; clean dark navy outlines; soft gentle shadows; bright but balanced colors; no text, English or Arabic letters, numbers, labels, logos, watermark, border, collage, split panel, or extra objects. Target word or phrase: “home”. Arabic teaching meaning for interpretation only: “موطن”. Show: a single clear, child-friendly visual that shows the literal meaning of “home” (موطن).",To generate
186,4,U4 L2,hospital,مستشفى,cartoon-186-hospital.png,"a single clear, child-friendly visual that shows the literal meaning of “hospital” (مستشفى)","Clean 2D educational cartoon illustration for a Primary 4 English vocabulary flashcard; portrait 3:4 composition; warm pale-cream background; one focused child-friendly subject or scene; rounded friendly shapes; clean dark navy outlines; soft gentle shadows; bright but balanced colors; no text, English or Arabic letters, numbers, labels, logos, watermark, border, collage, split panel, or extra objects. Target word or phrase: “hospital”. Arabic teaching meaning for interpretation only: “مستشفى”. Show: a single clear, child-friendly visual that shows the literal meaning of “hospital” (مستشفى).",To generate
187,4,U1 L3,hungry,جائع,cartoon-187-hungry.png,a hungry child looking at a healthy sandwich on a plate,"Clean 2D educational cartoon illustration for a Primary 4 English vocabulary flashcard; portrait 3:4 composition; warm pale-cream background; one focused child-friendly subject or scene; rounded friendly shapes; clean dark navy outlines; soft gentle shadows; bright but balanced colors; no text, English or Arabic letters, numbers, labels, logos, watermark, border, collage, split panel, or extra objects. Target word or phrase: “hungry”. Arabic teaching meaning for interpretation only: “جائع”. Show: a hungry child looking at a healthy sandwich on a plate.",To generate
188,4,U3 L1,hunt,يصطاد (حيوانات),cartoon-188-hunt.png,"a single clear, child-friendly visual that shows the literal meaning of “hunt” (يصطاد (حيوانات))","Clean 2D educational cartoon illustration for a Primary 4 English vocabulary flashcard; portrait 3:4 composition; warm pale-cream background; one focused child-friendly subject or scene; rounded friendly shapes; clean dark navy outlines; soft gentle shadows; bright but balanced colors; no text, English or Arabic letters, numbers, labels, logos, watermark, border, collage, split panel, or extra objects. Target word or phrase: “hunt”. Arabic teaching meaning for interpretation only: “يصطاد (حيوانات)”. Show: a single clear, child-friendly visual that shows the literal meaning of “hunt” (يصطاد (حيوانات)).",To generate
189,4,U3 L1,hunted,يصطاد (حيوانات),cartoon-189-hunted.png,"a single clear, child-friendly visual that shows the literal meaning of “hunted” (يصطاد (حيوانات))","Clean 2D educational cartoon illustration for a Primary 4 English vocabulary flashcard; portrait 3:4 composition; warm pale-cream background; one focused child-friendly subject or scene; rounded friendly shapes; clean dark navy outlines; soft gentle shadows; bright but balanced colors; no text, English or Arabic letters, numbers, labels, logos, watermark, border, collage, split panel, or extra objects. Target word or phrase: “hunted”. Arabic teaching meaning for interpretation only: “يصطاد (حيوانات)”. Show: a single clear, child-friendly visual that shows the literal meaning of “hunted” (يصطاد (حيوانات)).",To generate
190,4,U1 L3,impressed by,منبهر بـ,cartoon-190-impressed-by.png,a child looking impressed by a tall waterfall,"Clean 2D educational cartoon illustration for a Primary 4 English vocabulary flashcard; portrait 3:4 composition; warm pale-cream background; one focused child-friendly subject or scene; rounded friendly shapes; clean dark navy outlines; soft gentle shadows; bright but balanced colors; no text, English or Arabic letters, numbers, labels, logos, watermark, border, collage, split panel, or extra objects. Target word or phrase: “impressed by”. Arabic teaching meaning for interpretation only: “منبهر بـ”. Show: a child looking impressed by a tall waterfall.",To generate
191,4,U2 L3,in bright colors,بألوان زاهية,cartoon-191-in-bright-colors.png,a row of crafts painted in bright colours,"Clean 2D educational cartoon illustration for a Primary 4 English vocabulary flashcard; portrait 3:4 composition; warm pale-cream background; one focused child-friendly subject or scene; rounded friendly shapes; clean dark navy outlines; soft gentle shadows; bright but balanced colors; no text, English or Arabic letters, numbers, labels, logos, watermark, border, collage, split panel, or extra objects. Target word or phrase: “in bright colors”. Arabic teaching meaning for interpretation only: “بألوان زاهية”. Show: a row of crafts painted in bright colours.",To generate
192,4,U3 L3,in danger,في خطر,cartoon-192-in-danger.png,a small animal safely protected by a forest ranger from danger,"Clean 2D educational cartoon illustration for a Primary 4 English vocabulary flashcard; portrait 3:4 composition; warm pale-cream background; one focused child-friendly subject or scene; rounded friendly shapes; clean dark navy outlines; soft gentle shadows; bright but balanced colors; no text, English or Arabic letters, numbers, labels, logos, watermark, border, collage, split panel, or extra objects. Target word or phrase: “in danger”. Arabic teaching meaning for interpretation only: “في خطر”. Show: a small animal safely protected by a forest ranger from danger.",To generate
193,4,U3 L1,in groups,في مجموعات,cartoon-193-in-groups.png,children working together in small groups at classroom tables,"Clean 2D educational cartoon illustration for a Primary 4 English vocabulary flashcard; portrait 3:4 composition; warm pale-cream background; one focused child-friendly subject or scene; rounded friendly shapes; clean dark navy outlines; soft gentle shadows; bright but balanced colors; no text, English or Arabic letters, numbers, labels, logos, watermark, border, collage, split panel, or extra objects. Target word or phrase: “in groups”. Arabic teaching meaning for interpretation only: “في مجموعات”. Show: children working together in small groups at classroom tables.",To generate
194,4,U1 L4&5,including,متضمنًا / مشتملًا على,cartoon-194-including.png,"a single clear, child-friendly visual that shows the literal meaning of “including” (متضمنًا / مشتملًا على)","Clean 2D educational cartoon illustration for a Primary 4 English vocabulary flashcard; portrait 3:4 composition; warm pale-cream background; one focused child-friendly subject or scene; rounded friendly shapes; clean dark navy outlines; soft gentle shadows; bright but balanced colors; no text, English or Arabic letters, numbers, labels, logos, watermark, border, collage, split panel, or extra objects. Target word or phrase: “including”. Arabic teaching meaning for interpretation only: “متضمنًا / مشتملًا على”. Show: a single clear, child-friendly visual that shows the literal meaning of “including” (متضمنًا / مشتملًا على).",To generate
195,4,U2 L2,instead of,بدلًا من,cartoon-195-instead-of.png,"a child choosing fruit instead of candy, shown as two clear choices","Clean 2D educational cartoon illustration for a Primary 4 English vocabulary flashcard; portrait 3:4 composition; warm pale-cream background; one focused child-friendly subject or scene; rounded friendly shapes; clean dark navy outlines; soft gentle shadows; bright but balanced colors; no text, English or Arabic letters, numbers, labels, logos, watermark, border, collage, split panel, or extra objects. Target word or phrase: “instead of”. Arabic teaching meaning for interpretation only: “بدلًا من”. Show: a child choosing fruit instead of candy, shown as two clear choices.",To generate
196,4,U1 L3,invite,يدعو,cartoon-196-invite.png,a child inviting a friend to a birthday party with a blank card,"Clean 2D educational cartoon illustration for a Primary 4 English vocabulary flashcard; portrait 3:4 composition; warm pale-cream background; one focused child-friendly subject or scene; rounded friendly shapes; clean dark navy outlines; soft gentle shadows; bright but balanced colors; no text, English or Arabic letters, numbers, labels, logos, watermark, border, collage, split panel, or extra objects. Target word or phrase: “invite”. Arabic teaching meaning for interpretation only: “يدعو”. Show: a child inviting a friend to a birthday party with a blank card.",To generate
197,4,U1 L3,invited,يدعو,cartoon-197-invited.png,a child inviting a friend to a birthday party with a blank card,"Clean 2D educational cartoon illustration for a Primary 4 English vocabulary flashcard; portrait 3:4 composition; warm pale-cream background; one focused child-friendly subject or scene; rounded friendly shapes; clean dark navy outlines; soft gentle shadows; bright but balanced colors; no text, English or Arabic letters, numbers, labels, logos, watermark, border, collage, split panel, or extra objects. Target word or phrase: “invited”. Arabic teaching meaning for interpretation only: “يدعو”. Show: a child inviting a friend to a birthday party with a blank card.",To generate
198,4,U2 L1,It's fun to,إنه من الممتع أن,cartoon-198-it-s-fun-to.png,children smiling while doing a fun outdoor activity together,"Clean 2D educational cartoon illustration for a Primary 4 English vocabulary flashcard; portrait 3:4 composition; warm pale-cream background; one focused child-friendly subject or scene; rounded friendly shapes; clean dark navy outlines; soft gentle shadows; bright but balanced colors; no text, English or Arabic letters, numbers, labels, logos, watermark, border, collage, split panel, or extra objects. Target word or phrase: “It's fun to”. Arabic teaching meaning for interpretation only: “إنه من الممتع أن”. Show: children smiling while doing a fun outdoor activity together.",To generate
199,4,U1 L3,jingling,صوت رنين خفيف,cartoon-199-jingling.png,small silver bells gently jingling on a colourful ribbon,"Clean 2D educational cartoon illustration for a Primary 4 English vocabulary flashcard; portrait 3:4 composition; warm pale-cream background; one focused child-friendly subject or scene; rounded friendly shapes; clean dark navy outlines; soft gentle shadows; bright but balanced colors; no text, English or Arabic letters, numbers, labels, logos, watermark, border, collage, split panel, or extra objects. Target word or phrase: “jingling”. Arabic teaching meaning for interpretation only: “صوت رنين خفيف”. Show: small silver bells gently jingling on a colourful ribbon.",To generate
200,4,U2 L4&5,keep,يحفظ,cartoon-200-keep.png,a child carefully keeping coins in a small jar,"Clean 2D educational cartoon illustration for a Primary 4 English vocabulary flashcard; portrait 3:4 composition; warm pale-cream background; one focused child-friendly subject or scene; rounded friendly shapes; clean dark navy outlines; soft gentle shadows; bright but balanced colors; no text, English or Arabic letters, numbers, labels, logos, watermark, border, collage, split panel, or extra objects. Target word or phrase: “keep”. Arabic teaching meaning for interpretation only: “يحفظ”. Show: a child carefully keeping coins in a small jar.",To generate
201,4,U3 L2,keep a rabbit,يربي أرنب,cartoon-201-keep-a-rabbit.png,"a single clear, child-friendly visual that shows the literal meaning of “keep a rabbit” (يربي أرنب)","Clean 2D educational cartoon illustration for a Primary 4 English vocabulary flashcard; portrait 3:4 composition; warm pale-cream background; one focused child-friendly subject or scene; rounded friendly shapes; clean dark navy outlines; soft gentle shadows; bright but balanced colors; no text, English or Arabic letters, numbers, labels, logos, watermark, border, collage, split panel, or extra objects. Target word or phrase: “keep a rabbit”. Arabic teaching meaning for interpretation only: “يربي أرنب”. Show: a single clear, child-friendly visual that shows the literal meaning of “keep a rabbit” (يربي أرنب).",To generate
202,4,U2 L4&5,kept,يحفظ,cartoon-202-kept.png,a child carefully keeping coins in a small jar,"Clean 2D educational cartoon illustration for a Primary 4 English vocabulary flashcard; portrait 3:4 composition; warm pale-cream background; one focused child-friendly subject or scene; rounded friendly shapes; clean dark navy outlines; soft gentle shadows; bright but balanced colors; no text, English or Arabic letters, numbers, labels, logos, watermark, border, collage, split panel, or extra objects. Target word or phrase: “kept”. Arabic teaching meaning for interpretation only: “يحفظ”. Show: a child carefully keeping coins in a small jar.",To generate
203,4,U4 L1,Khan Al-Khalili Bazaar,سوق خان الخليلي,cartoon-203-khan-al-khalili-bazaar.png,"a single clear, child-friendly visual that shows the literal meaning of “Khan Al-Khalili Bazaar” (سوق خان الخليلي)","Clean 2D educational cartoon illustration for a Primary 4 English vocabulary flashcard; portrait 3:4 composition; warm pale-cream background; one focused child-friendly subject or scene; rounded friendly shapes; clean dark navy outlines; soft gentle shadows; bright but balanced colors; no text, English or Arabic letters, numbers, labels, logos, watermark, border, collage, split panel, or extra objects. Target word or phrase: “Khan Al-Khalili Bazaar”. Arabic teaching meaning for interpretation only: “سوق خان الخليلي”. Show: a single clear, child-friendly visual that shows the literal meaning of “Khan Al-Khalili Bazaar” (سوق خان الخليلي).",To generate
204,4,U2 L2,knew,يعرف,cartoon-204-knew.png,a child recognising the correct answer in a picture quiz with no words,"Clean 2D educational cartoon illustration for a Primary 4 English vocabulary flashcard; portrait 3:4 composition; warm pale-cream background; one focused child-friendly subject or scene; rounded friendly shapes; clean dark navy outlines; soft gentle shadows; bright but balanced colors; no text, English or Arabic letters, numbers, labels, logos, watermark, border, collage, split panel, or extra objects. Target word or phrase: “knew”. Arabic teaching meaning for interpretation only: “يعرف”. Show: a child recognising the correct answer in a picture quiz with no words.",To generate
205,4,U2 L2,know,يعرف,cartoon-205-know.png,"a single clear, child-friendly visual that shows the literal meaning of “know” (يعرف)","Clean 2D educational cartoon illustration for a Primary 4 English vocabulary flashcard; portrait 3:4 composition; warm pale-cream background; one focused child-friendly subject or scene; rounded friendly shapes; clean dark navy outlines; soft gentle shadows; bright but balanced colors; no text, English or Arabic letters, numbers, labels, logos, watermark, border, collage, split panel, or extra objects. Target word or phrase: “know”. Arabic teaching meaning for interpretation only: “يعرف”. Show: a single clear, child-friendly visual that shows the literal meaning of “know” (يعرف).",To generate
206,4,U2 L3,known for,مشهور بـ,cartoon-206-known-for.png,a famous Egyptian place shown with its distinctive local craft,"Clean 2D educational cartoon illustration for a Primary 4 English vocabulary flashcard; portrait 3:4 composition; warm pale-cream background; one focused child-friendly subject or scene; rounded friendly shapes; clean dark navy outlines; soft gentle shadows; bright but balanced colors; no text, English or Arabic letters, numbers, labels, logos, watermark, border, collage, split panel, or extra objects. Target word or phrase: “known for”. Arabic teaching meaning for interpretation only: “مشهور بـ”. Show: a famous Egyptian place shown with its distinctive local craft.",To generate
207,4,U5 L4&5,ladder,سلم / درج متنقل,cartoon-207-ladder.png,"a single clear, child-friendly visual that shows the literal meaning of “ladder” (سلم / درج متنقل)","Clean 2D educational cartoon illustration for a Primary 4 English vocabulary flashcard; portrait 3:4 composition; warm pale-cream background; one focused child-friendly subject or scene; rounded friendly shapes; clean dark navy outlines; soft gentle shadows; bright but balanced colors; no text, English or Arabic letters, numbers, labels, logos, watermark, border, collage, split panel, or extra objects. Target word or phrase: “ladder”. Arabic teaching meaning for interpretation only: “سلم / درج متنقل”. Show: a single clear, child-friendly visual that shows the literal meaning of “ladder” (سلم / درج متنقل).",To generate
208,4,U6 LStory,laugh,يضحك,cartoon-208-laugh.png,"a single clear, child-friendly visual that shows the literal meaning of “laugh” (يضحك)","Clean 2D educational cartoon illustration for a Primary 4 English vocabulary flashcard; portrait 3:4 composition; warm pale-cream background; one focused child-friendly subject or scene; rounded friendly shapes; clean dark navy outlines; soft gentle shadows; bright but balanced colors; no text, English or Arabic letters, numbers, labels, logos, watermark, border, collage, split panel, or extra objects. Target word or phrase: “laugh”. Arabic teaching meaning for interpretation only: “يضحك”. Show: a single clear, child-friendly visual that shows the literal meaning of “laugh” (يضحك).",To generate
209,4,U1 L3,laugh at,يضحك على,cartoon-209-laugh-at.png,"children kindly laughing together at a funny puppet show, not at a person","Clean 2D educational cartoon illustration for a Primary 4 English vocabulary flashcard; portrait 3:4 composition; warm pale-cream background; one focused child-friendly subject or scene; rounded friendly shapes; clean dark navy outlines; soft gentle shadows; bright but balanced colors; no text, English or Arabic letters, numbers, labels, logos, watermark, border, collage, split panel, or extra objects. Target word or phrase: “laugh at”. Arabic teaching meaning for interpretation only: “يضحك على”. Show: children kindly laughing together at a funny puppet show, not at a person.",To generate
210,4,U5 L2,laughs,ضحكات,cartoon-210-laughs.png,"a single clear, child-friendly visual that shows the literal meaning of “laughs” (ضحكات)","Clean 2D educational cartoon illustration for a Primary 4 English vocabulary flashcard; portrait 3:4 composition; warm pale-cream background; one focused child-friendly subject or scene; rounded friendly shapes; clean dark navy outlines; soft gentle shadows; bright but balanced colors; no text, English or Arabic letters, numbers, labels, logos, watermark, border, collage, split panel, or extra objects. Target word or phrase: “laughs”. Arabic teaching meaning for interpretation only: “ضحكات”. Show: a single clear, child-friendly visual that shows the literal meaning of “laughs” (ضحكات).",To generate
211,5,U1 L1,learn about,يتعلم عن,cartoon-211-learn-about.png,"a single clear, child-friendly visual that shows the literal meaning of “learn about” (يتعلم عن)","Clean 2D educational cartoon illustration for a Primary 4 English vocabulary flashcard; portrait 3:4 composition; warm pale-cream background; one focused child-friendly subject or scene; rounded friendly shapes; clean dark navy outlines; soft gentle shadows; bright but balanced colors; no text, English or Arabic letters, numbers, labels, logos, watermark, border, collage, split panel, or extra objects. Target word or phrase: “learn about”. Arabic teaching meaning for interpretation only: “يتعلم عن”. Show: a single clear, child-friendly visual that shows the literal meaning of “learn about” (يتعلم عن).",To generate
212,5,U2 L2,leave,يترك,cartoon-212-leave.png,"a single clear, child-friendly visual that shows the literal meaning of “leave” (يترك)","Clean 2D educational cartoon illustration for a Primary 4 English vocabulary flashcard; portrait 3:4 composition; warm pale-cream background; one focused child-friendly subject or scene; rounded friendly shapes; clean dark navy outlines; soft gentle shadows; bright but balanced colors; no text, English or Arabic letters, numbers, labels, logos, watermark, border, collage, split panel, or extra objects. Target word or phrase: “leave”. Arabic teaching meaning for interpretation only: “يترك”. Show: a single clear, child-friendly visual that shows the literal meaning of “leave” (يترك).",To generate
213,5,U3 L1,leaves,أوراق الشجر,cartoon-213-leaves.png,"a single clear, child-friendly visual that shows the literal meaning of “leaves” (أوراق الشجر)","Clean 2D educational cartoon illustration for a Primary 4 English vocabulary flashcard; portrait 3:4 composition; warm pale-cream background; one focused child-friendly subject or scene; rounded friendly shapes; clean dark navy outlines; soft gentle shadows; bright but balanced colors; no text, English or Arabic letters, numbers, labels, logos, watermark, border, collage, split panel, or extra objects. Target word or phrase: “leaves”. Arabic teaching meaning for interpretation only: “أوراق الشجر”. Show: a single clear, child-friendly visual that shows the literal meaning of “leaves” (أوراق الشجر).",To generate
214,5,U2 L2,left,يترك,cartoon-214-left.png,"a single clear, child-friendly visual that shows the literal meaning of “left” (يترك)","Clean 2D educational cartoon illustration for a Primary 4 English vocabulary flashcard; portrait 3:4 composition; warm pale-cream background; one focused child-friendly subject or scene; rounded friendly shapes; clean dark navy outlines; soft gentle shadows; bright but balanced colors; no text, English or Arabic letters, numbers, labels, logos, watermark, border, collage, split panel, or extra objects. Target word or phrase: “left”. Arabic teaching meaning for interpretation only: “يترك”. Show: a single clear, child-friendly visual that shows the literal meaning of “left” (يترك).",To generate
215,5,U1 L4&5,let,يدع / يسمح,cartoon-215-let.png,"a single clear, child-friendly visual that shows the literal meaning of “let” (يدع / يسمح)","Clean 2D educational cartoon illustration for a Primary 4 English vocabulary flashcard; portrait 3:4 composition; warm pale-cream background; one focused child-friendly subject or scene; rounded friendly shapes; clean dark navy outlines; soft gentle shadows; bright but balanced colors; no text, English or Arabic letters, numbers, labels, logos, watermark, border, collage, split panel, or extra objects. Target word or phrase: “let”. Arabic teaching meaning for interpretation only: “يدع / يسمح”. Show: a single clear, child-friendly visual that shows the literal meaning of “let” (يدع / يسمح).",To generate
216,5,U6 LStory,letter,خطاب,cartoon-216-letter.png,"a single clear, child-friendly visual that shows the literal meaning of “letter” (خطاب)","Clean 2D educational cartoon illustration for a Primary 4 English vocabulary flashcard; portrait 3:4 composition; warm pale-cream background; one focused child-friendly subject or scene; rounded friendly shapes; clean dark navy outlines; soft gentle shadows; bright but balanced colors; no text, English or Arabic letters, numbers, labels, logos, watermark, border, collage, split panel, or extra objects. Target word or phrase: “letter”. Arabic teaching meaning for interpretation only: “خطاب”. Show: a single clear, child-friendly visual that shows the literal meaning of “letter” (خطاب).",To generate
217,5,U4 L2,letters,خطابات,cartoon-217-letters.png,"a single clear, child-friendly visual that shows the literal meaning of “letters” (خطابات)","Clean 2D educational cartoon illustration for a Primary 4 English vocabulary flashcard; portrait 3:4 composition; warm pale-cream background; one focused child-friendly subject or scene; rounded friendly shapes; clean dark navy outlines; soft gentle shadows; bright but balanced colors; no text, English or Arabic letters, numbers, labels, logos, watermark, border, collage, split panel, or extra objects. Target word or phrase: “letters”. Arabic teaching meaning for interpretation only: “خطابات”. Show: a single clear, child-friendly visual that shows the literal meaning of “letters” (خطابات).",To generate
218,5,U4 L2,library,مكتبة,cartoon-218-library.png,"a single clear, child-friendly visual that shows the literal meaning of “library” (مكتبة)","Clean 2D educational cartoon illustration for a Primary 4 English vocabulary flashcard; portrait 3:4 composition; warm pale-cream background; one focused child-friendly subject or scene; rounded friendly shapes; clean dark navy outlines; soft gentle shadows; bright but balanced colors; no text, English or Arabic letters, numbers, labels, logos, watermark, border, collage, split panel, or extra objects. Target word or phrase: “library”. Arabic teaching meaning for interpretation only: “مكتبة”. Show: a single clear, child-friendly visual that shows the literal meaning of “library” (مكتبة).",To generate
219,5,U1 L3,light,خفيف,cartoon-219-light.png,a child easily lifting one light feather,"Clean 2D educational cartoon illustration for a Primary 4 English vocabulary flashcard; portrait 3:4 composition; warm pale-cream background; one focused child-friendly subject or scene; rounded friendly shapes; clean dark navy outlines; soft gentle shadows; bright but balanced colors; no text, English or Arabic letters, numbers, labels, logos, watermark, border, collage, split panel, or extra objects. Target word or phrase: “light”. Arabic teaching meaning for interpretation only: “خفيف”. Show: a child easily lifting one light feather.",To generate
220,5,U3 L1,lion,أسد,cartoon-220-lion.png,"a single clear, child-friendly visual that shows the literal meaning of “lion” (أسد)","Clean 2D educational cartoon illustration for a Primary 4 English vocabulary flashcard; portrait 3:4 composition; warm pale-cream background; one focused child-friendly subject or scene; rounded friendly shapes; clean dark navy outlines; soft gentle shadows; bright but balanced colors; no text, English or Arabic letters, numbers, labels, logos, watermark, border, collage, split panel, or extra objects. Target word or phrase: “lion”. Arabic teaching meaning for interpretation only: “أسد”. Show: a single clear, child-friendly visual that shows the literal meaning of “lion” (أسد).",To generate
221,5,U5 L4&5,lives,الحيوات (جمع حياة),cartoon-221-lives.png,different animal homes in a simple nature scene,"Clean 2D educational cartoon illustration for a Primary 4 English vocabulary flashcard; portrait 3:4 composition; warm pale-cream background; one focused child-friendly subject or scene; rounded friendly shapes; clean dark navy outlines; soft gentle shadows; bright but balanced colors; no text, English or Arabic letters, numbers, labels, logos, watermark, border, collage, split panel, or extra objects. Target word or phrase: “lives”. Arabic teaching meaning for interpretation only: “الحيوات (جمع حياة)”. Show: different animal homes in a simple nature scene.",To generate
222,5,U5 L4&5,local,محلي,cartoon-222-local.png,local farmers selling fresh food at a small neighbourhood market,"Clean 2D educational cartoon illustration for a Primary 4 English vocabulary flashcard; portrait 3:4 composition; warm pale-cream background; one focused child-friendly subject or scene; rounded friendly shapes; clean dark navy outlines; soft gentle shadows; bright but balanced colors; no text, English or Arabic letters, numbers, labels, logos, watermark, border, collage, split panel, or extra objects. Target word or phrase: “local”. Arabic teaching meaning for interpretation only: “محلي”. Show: local farmers selling fresh food at a small neighbourhood market.",To generate
223,5,U4 L4&5,local food,طعام محلي,cartoon-223-local-food.png,"a single clear, child-friendly visual that shows the literal meaning of “local food” (طعام محلي)","Clean 2D educational cartoon illustration for a Primary 4 English vocabulary flashcard; portrait 3:4 composition; warm pale-cream background; one focused child-friendly subject or scene; rounded friendly shapes; clean dark navy outlines; soft gentle shadows; bright but balanced colors; no text, English or Arabic letters, numbers, labels, logos, watermark, border, collage, split panel, or extra objects. Target word or phrase: “local food”. Arabic teaching meaning for interpretation only: “طعام محلي”. Show: a single clear, child-friendly visual that shows the literal meaning of “local food” (طعام محلي).",To generate
224,5,U2 L2,look dirty,تبدو غير نظيفة,cartoon-224-look-dirty.png,a muddy pair of shoes that look dirty beside clean shoes,"Clean 2D educational cartoon illustration for a Primary 4 English vocabulary flashcard; portrait 3:4 composition; warm pale-cream background; one focused child-friendly subject or scene; rounded friendly shapes; clean dark navy outlines; soft gentle shadows; bright but balanced colors; no text, English or Arabic letters, numbers, labels, logos, watermark, border, collage, split panel, or extra objects. Target word or phrase: “look dirty”. Arabic teaching meaning for interpretation only: “تبدو غير نظيفة”. Show: a muddy pair of shoes that look dirty beside clean shoes.",To generate
225,5,U5 L2,loud,عالي (الصوت),cartoon-225-loud.png,a child covering their ears near a loud drum,"Clean 2D educational cartoon illustration for a Primary 4 English vocabulary flashcard; portrait 3:4 composition; warm pale-cream background; one focused child-friendly subject or scene; rounded friendly shapes; clean dark navy outlines; soft gentle shadows; bright but balanced colors; no text, English or Arabic letters, numbers, labels, logos, watermark, border, collage, split panel, or extra objects. Target word or phrase: “loud”. Arabic teaching meaning for interpretation only: “عالي (الصوت)”. Show: a child covering their ears near a loud drum.",To generate
226,5,U1 L1,loud noise,ضوضاء صاخبة,cartoon-226-loud-noise.png,"a single clear, child-friendly visual that shows the literal meaning of “loud noise” (ضوضاء صاخبة)","Clean 2D educational cartoon illustration for a Primary 4 English vocabulary flashcard; portrait 3:4 composition; warm pale-cream background; one focused child-friendly subject or scene; rounded friendly shapes; clean dark navy outlines; soft gentle shadows; bright but balanced colors; no text, English or Arabic letters, numbers, labels, logos, watermark, border, collage, split panel, or extra objects. Target word or phrase: “loud noise”. Arabic teaching meaning for interpretation only: “ضوضاء صاخبة”. Show: a single clear, child-friendly visual that shows the literal meaning of “loud noise” (ضوضاء صاخبة).",To generate
227,5,U5 L2,low,منخفض,cartoon-227-low.png,a low table beside a tall table,"Clean 2D educational cartoon illustration for a Primary 4 English vocabulary flashcard; portrait 3:4 composition; warm pale-cream background; one focused child-friendly subject or scene; rounded friendly shapes; clean dark navy outlines; soft gentle shadows; bright but balanced colors; no text, English or Arabic letters, numbers, labels, logos, watermark, border, collage, split panel, or extra objects. Target word or phrase: “low”. Arabic teaching meaning for interpretation only: “منخفض”. Show: a low table beside a tall table.",To generate
228,5,U1 L4&5,lunch,وجبة الغداء,cartoon-228-lunch.png,"a single clear, child-friendly visual that shows the literal meaning of “lunch” (وجبة الغداء)","Clean 2D educational cartoon illustration for a Primary 4 English vocabulary flashcard; portrait 3:4 composition; warm pale-cream background; one focused child-friendly subject or scene; rounded friendly shapes; clean dark navy outlines; soft gentle shadows; bright but balanced colors; no text, English or Arabic letters, numbers, labels, logos, watermark, border, collage, split panel, or extra objects. Target word or phrase: “lunch”. Arabic teaching meaning for interpretation only: “وجبة الغداء”. Show: a single clear, child-friendly visual that shows the literal meaning of “lunch” (وجبة الغداء).",To generate
229,5,U2 L2,make a difference,يحدث فارقًا,cartoon-229-make-a-difference.png,children cleaning litter from a park and making it look better,"Clean 2D educational cartoon illustration for a Primary 4 English vocabulary flashcard; portrait 3:4 composition; warm pale-cream background; one focused child-friendly subject or scene; rounded friendly shapes; clean dark navy outlines; soft gentle shadows; bright but balanced colors; no text, English or Arabic letters, numbers, labels, logos, watermark, border, collage, split panel, or extra objects. Target word or phrase: “make a difference”. Arabic teaching meaning for interpretation only: “يحدث فارقًا”. Show: children cleaning litter from a park and making it look better.",To generate
230,5,U1 L2,make friends,يكوّن صداقات,cartoon-230-make-friends.png,two shy children smiling and becoming friends in a playground,"Clean 2D educational cartoon illustration for a Primary 4 English vocabulary flashcard; portrait 3:4 composition; warm pale-cream background; one focused child-friendly subject or scene; rounded friendly shapes; clean dark navy outlines; soft gentle shadows; bright but balanced colors; no text, English or Arabic letters, numbers, labels, logos, watermark, border, collage, split panel, or extra objects. Target word or phrase: “make friends”. Arabic teaching meaning for interpretation only: “يكوّن صداقات”. Show: two shy children smiling and becoming friends in a playground.",To generate
231,5,U1 L3,market,السوق,cartoon-231-market.png,"a single clear, child-friendly visual that shows the literal meaning of “market” (السوق)","Clean 2D educational cartoon illustration for a Primary 4 English vocabulary flashcard; portrait 3:4 composition; warm pale-cream background; one focused child-friendly subject or scene; rounded friendly shapes; clean dark navy outlines; soft gentle shadows; bright but balanced colors; no text, English or Arabic letters, numbers, labels, logos, watermark, border, collage, split panel, or extra objects. Target word or phrase: “market”. Arabic teaching meaning for interpretation only: “السوق”. Show: a single clear, child-friendly visual that shows the literal meaning of “market” (السوق).",To generate
232,5,U3 L3,marks,علامات,cartoon-232-marks.png,clear animal footprints marking a path in soft sand,"Clean 2D educational cartoon illustration for a Primary 4 English vocabulary flashcard; portrait 3:4 composition; warm pale-cream background; one focused child-friendly subject or scene; rounded friendly shapes; clean dark navy outlines; soft gentle shadows; bright but balanced colors; no text, English or Arabic letters, numbers, labels, logos, watermark, border, collage, split panel, or extra objects. Target word or phrase: “marks”. Arabic teaching meaning for interpretation only: “علامات”. Show: clear animal footprints marking a path in soft sand.",To generate
233,5,U6 LStory,medal,ميدالية,cartoon-233-medal.png,"a single clear, child-friendly visual that shows the literal meaning of “medal” (ميدالية)","Clean 2D educational cartoon illustration for a Primary 4 English vocabulary flashcard; portrait 3:4 composition; warm pale-cream background; one focused child-friendly subject or scene; rounded friendly shapes; clean dark navy outlines; soft gentle shadows; bright but balanced colors; no text, English or Arabic letters, numbers, labels, logos, watermark, border, collage, split panel, or extra objects. Target word or phrase: “medal”. Arabic teaching meaning for interpretation only: “ميدالية”. Show: a single clear, child-friendly visual that shows the literal meaning of “medal” (ميدالية).",To generate
234,5,U5 L2,mentor,مرشد تعليمي,cartoon-234-mentor.png,"a single clear, child-friendly visual that shows the literal meaning of “mentor” (مرشد تعليمي)","Clean 2D educational cartoon illustration for a Primary 4 English vocabulary flashcard; portrait 3:4 composition; warm pale-cream background; one focused child-friendly subject or scene; rounded friendly shapes; clean dark navy outlines; soft gentle shadows; bright but balanced colors; no text, English or Arabic letters, numbers, labels, logos, watermark, border, collage, split panel, or extra objects. Target word or phrase: “mentor”. Arabic teaching meaning for interpretation only: “مرشد تعليمي”. Show: a single clear, child-friendly visual that shows the literal meaning of “mentor” (مرشد تعليمي).",To generate
235,5,U1 L2,mind,عقل,cartoon-235-mind.png,"a child thinking carefully with a small thought cloud showing simple shapes, no words","Clean 2D educational cartoon illustration for a Primary 4 English vocabulary flashcard; portrait 3:4 composition; warm pale-cream background; one focused child-friendly subject or scene; rounded friendly shapes; clean dark navy outlines; soft gentle shadows; bright but balanced colors; no text, English or Arabic letters, numbers, labels, logos, watermark, border, collage, split panel, or extra objects. Target word or phrase: “mind”. Arabic teaching meaning for interpretation only: “عقل”. Show: a child thinking carefully with a small thought cloud showing simple shapes, no words.",To generate
236,5,U3 L3,mistakes,أخطاء,cartoon-236-mistakes.png,a child gently erasing a small drawing mistake and trying again,"Clean 2D educational cartoon illustration for a Primary 4 English vocabulary flashcard; portrait 3:4 composition; warm pale-cream background; one focused child-friendly subject or scene; rounded friendly shapes; clean dark navy outlines; soft gentle shadows; bright but balanced colors; no text, English or Arabic letters, numbers, labels, logos, watermark, border, collage, split panel, or extra objects. Target word or phrase: “mistakes”. Arabic teaching meaning for interpretation only: “أخطاء”. Show: a child gently erasing a small drawing mistake and trying again.",To generate
237,5,U4 L4&5,monastery,دير,cartoon-237-monastery.png,"a single clear, child-friendly visual that shows the literal meaning of “monastery” (دير)","Clean 2D educational cartoon illustration for a Primary 4 English vocabulary flashcard; portrait 3:4 composition; warm pale-cream background; one focused child-friendly subject or scene; rounded friendly shapes; clean dark navy outlines; soft gentle shadows; bright but balanced colors; no text, English or Arabic letters, numbers, labels, logos, watermark, border, collage, split panel, or extra objects. Target word or phrase: “monastery”. Arabic teaching meaning for interpretation only: “دير”. Show: a single clear, child-friendly visual that shows the literal meaning of “monastery” (دير).",To generate
238,5,U3 L1,monkey,قرد,cartoon-238-monkey.png,"a single clear, child-friendly visual that shows the literal meaning of “monkey” (قرد)","Clean 2D educational cartoon illustration for a Primary 4 English vocabulary flashcard; portrait 3:4 composition; warm pale-cream background; one focused child-friendly subject or scene; rounded friendly shapes; clean dark navy outlines; soft gentle shadows; bright but balanced colors; no text, English or Arabic letters, numbers, labels, logos, watermark, border, collage, split panel, or extra objects. Target word or phrase: “monkey”. Arabic teaching meaning for interpretation only: “قرد”. Show: a single clear, child-friendly visual that shows the literal meaning of “monkey” (قرد).",To generate
239,5,U3 L3,mountain,جبل,cartoon-239-mountain.png,"a single clear, child-friendly visual that shows the literal meaning of “mountain” (جبل)","Clean 2D educational cartoon illustration for a Primary 4 English vocabulary flashcard; portrait 3:4 composition; warm pale-cream background; one focused child-friendly subject or scene; rounded friendly shapes; clean dark navy outlines; soft gentle shadows; bright but balanced colors; no text, English or Arabic letters, numbers, labels, logos, watermark, border, collage, split panel, or extra objects. Target word or phrase: “mountain”. Arabic teaching meaning for interpretation only: “جبل”. Show: a single clear, child-friendly visual that shows the literal meaning of “mountain” (جبل).",To generate
240,5,U2 L2,move,يتحرك,cartoon-240-move.png,"a single clear, child-friendly visual that shows the literal meaning of “move” (يتحرك)","Clean 2D educational cartoon illustration for a Primary 4 English vocabulary flashcard; portrait 3:4 composition; warm pale-cream background; one focused child-friendly subject or scene; rounded friendly shapes; clean dark navy outlines; soft gentle shadows; bright but balanced colors; no text, English or Arabic letters, numbers, labels, logos, watermark, border, collage, split panel, or extra objects. Target word or phrase: “move”. Arabic teaching meaning for interpretation only: “يتحرك”. Show: a single clear, child-friendly visual that shows the literal meaning of “move” (يتحرك).",To generate
241,5,U3 L2,move around,يتجول/يتحرك,cartoon-241-move-around.png,a small monkey moving around tree branches,"Clean 2D educational cartoon illustration for a Primary 4 English vocabulary flashcard; portrait 3:4 composition; warm pale-cream background; one focused child-friendly subject or scene; rounded friendly shapes; clean dark navy outlines; soft gentle shadows; bright but balanced colors; no text, English or Arabic letters, numbers, labels, logos, watermark, border, collage, split panel, or extra objects. Target word or phrase: “move around”. Arabic teaching meaning for interpretation only: “يتجول/يتحرك”. Show: a small monkey moving around tree branches.",To generate
242,5,U2 L2,moved,يتحرك,cartoon-242-moved.png,a child moving a chair to a new place,"Clean 2D educational cartoon illustration for a Primary 4 English vocabulary flashcard; portrait 3:4 composition; warm pale-cream background; one focused child-friendly subject or scene; rounded friendly shapes; clean dark navy outlines; soft gentle shadows; bright but balanced colors; no text, English or Arabic letters, numbers, labels, logos, watermark, border, collage, split panel, or extra objects. Target word or phrase: “moved”. Arabic teaching meaning for interpretation only: “يتحرك”. Show: a child moving a chair to a new place.",To generate
243,5,U4 L2,museum,متحف,cartoon-243-museum.png,"a single clear, child-friendly visual that shows the literal meaning of “museum” (متحف)","Clean 2D educational cartoon illustration for a Primary 4 English vocabulary flashcard; portrait 3:4 composition; warm pale-cream background; one focused child-friendly subject or scene; rounded friendly shapes; clean dark navy outlines; soft gentle shadows; bright but balanced colors; no text, English or Arabic letters, numbers, labels, logos, watermark, border, collage, split panel, or extra objects. Target word or phrase: “museum”. Arabic teaching meaning for interpretation only: “متحف”. Show: a single clear, child-friendly visual that shows the literal meaning of “museum” (متحف).",To generate
244,5,U5 L3,nail,مسامر,cartoon-244-nail.png,"a single clear, child-friendly visual that shows the literal meaning of “nail” (مسامر)","Clean 2D educational cartoon illustration for a Primary 4 English vocabulary flashcard; portrait 3:4 composition; warm pale-cream background; one focused child-friendly subject or scene; rounded friendly shapes; clean dark navy outlines; soft gentle shadows; bright but balanced colors; no text, English or Arabic letters, numbers, labels, logos, watermark, border, collage, split panel, or extra objects. Target word or phrase: “nail”. Arabic teaching meaning for interpretation only: “مسامر”. Show: a single clear, child-friendly visual that shows the literal meaning of “nail” (مسامر).",To generate
245,5,U4 L4&5,natural,طبيعي,cartoon-245-natural.png,"a natural forest scene with trees, rocks, and a stream","Clean 2D educational cartoon illustration for a Primary 4 English vocabulary flashcard; portrait 3:4 composition; warm pale-cream background; one focused child-friendly subject or scene; rounded friendly shapes; clean dark navy outlines; soft gentle shadows; bright but balanced colors; no text, English or Arabic letters, numbers, labels, logos, watermark, border, collage, split panel, or extra objects. Target word or phrase: “natural”. Arabic teaching meaning for interpretation only: “طبيعي”. Show: a natural forest scene with trees, rocks, and a stream.",To generate
246,5,U4 L4&5,nature,الطبيعة,cartoon-246-nature.png,"a single clear, child-friendly visual that shows the literal meaning of “nature” (الطبيعة)","Clean 2D educational cartoon illustration for a Primary 4 English vocabulary flashcard; portrait 3:4 composition; warm pale-cream background; one focused child-friendly subject or scene; rounded friendly shapes; clean dark navy outlines; soft gentle shadows; bright but balanced colors; no text, English or Arabic letters, numbers, labels, logos, watermark, border, collage, split panel, or extra objects. Target word or phrase: “nature”. Arabic teaching meaning for interpretation only: “الطبيعة”. Show: a single clear, child-friendly visual that shows the literal meaning of “nature” (الطبيعة).",To generate
247,5,U4 L1,near,بالقرب من,cartoon-247-near.png,two houses standing near each other,"Clean 2D educational cartoon illustration for a Primary 4 English vocabulary flashcard; portrait 3:4 composition; warm pale-cream background; one focused child-friendly subject or scene; rounded friendly shapes; clean dark navy outlines; soft gentle shadows; bright but balanced colors; no text, English or Arabic letters, numbers, labels, logos, watermark, border, collage, split panel, or extra objects. Target word or phrase: “near”. Arabic teaching meaning for interpretation only: “بالقرب من”. Show: two houses standing near each other.",To generate
248,5,U3 L1,neck,رقبة,cartoon-248-neck.png,"a single clear, child-friendly visual that shows the literal meaning of “neck” (رقبة)","Clean 2D educational cartoon illustration for a Primary 4 English vocabulary flashcard; portrait 3:4 composition; warm pale-cream background; one focused child-friendly subject or scene; rounded friendly shapes; clean dark navy outlines; soft gentle shadows; bright but balanced colors; no text, English or Arabic letters, numbers, labels, logos, watermark, border, collage, split panel, or extra objects. Target word or phrase: “neck”. Arabic teaching meaning for interpretation only: “رقبة”. Show: a single clear, child-friendly visual that shows the literal meaning of “neck” (رقبة).",To generate
249,5,U2 L1,need,يحتاج,cartoon-249-need.png,"a single clear, child-friendly visual that shows the literal meaning of “need” (يحتاج)","Clean 2D educational cartoon illustration for a Primary 4 English vocabulary flashcard; portrait 3:4 composition; warm pale-cream background; one focused child-friendly subject or scene; rounded friendly shapes; clean dark navy outlines; soft gentle shadows; bright but balanced colors; no text, English or Arabic letters, numbers, labels, logos, watermark, border, collage, split panel, or extra objects. Target word or phrase: “need”. Arabic teaching meaning for interpretation only: “يحتاج”. Show: a single clear, child-friendly visual that shows the literal meaning of “need” (يحتاج).",To generate
250,5,U2 L1,needed,يحتاج,cartoon-250-needed.png,a child needing and receiving a small help from a teacher,"Clean 2D educational cartoon illustration for a Primary 4 English vocabulary flashcard; portrait 3:4 composition; warm pale-cream background; one focused child-friendly subject or scene; rounded friendly shapes; clean dark navy outlines; soft gentle shadows; bright but balanced colors; no text, English or Arabic letters, numbers, labels, logos, watermark, border, collage, split panel, or extra objects. Target word or phrase: “needed”. Arabic teaching meaning for interpretation only: “يحتاج”. Show: a child needing and receiving a small help from a teacher.",To generate
251,5,U2 L4&5,neighborhood,حي,cartoon-251-neighborhood.png,"a single clear, child-friendly visual that shows the literal meaning of “neighborhood” (حي)","Clean 2D educational cartoon illustration for a Primary 4 English vocabulary flashcard; portrait 3:4 composition; warm pale-cream background; one focused child-friendly subject or scene; rounded friendly shapes; clean dark navy outlines; soft gentle shadows; bright but balanced colors; no text, English or Arabic letters, numbers, labels, logos, watermark, border, collage, split panel, or extra objects. Target word or phrase: “neighborhood”. Arabic teaching meaning for interpretation only: “حي”. Show: a single clear, child-friendly visual that shows the literal meaning of “neighborhood” (حي).",To generate
252,5,U2 L1,neighbors,جيران,cartoon-252-neighbors.png,"a single clear, child-friendly visual that shows the literal meaning of “neighbors” (جيران)","Clean 2D educational cartoon illustration for a Primary 4 English vocabulary flashcard; portrait 3:4 composition; warm pale-cream background; one focused child-friendly subject or scene; rounded friendly shapes; clean dark navy outlines; soft gentle shadows; bright but balanced colors; no text, English or Arabic letters, numbers, labels, logos, watermark, border, collage, split panel, or extra objects. Target word or phrase: “neighbors”. Arabic teaching meaning for interpretation only: “جيران”. Show: a single clear, child-friendly visual that shows the literal meaning of “neighbors” (جيران).",To generate
253,5,U4 L1,Nile River,نهر النيل,cartoon-253-nile-river.png,"a single clear, child-friendly visual that shows the literal meaning of “Nile River” (نهر النيل)","Clean 2D educational cartoon illustration for a Primary 4 English vocabulary flashcard; portrait 3:4 composition; warm pale-cream background; one focused child-friendly subject or scene; rounded friendly shapes; clean dark navy outlines; soft gentle shadows; bright but balanced colors; no text, English or Arabic letters, numbers, labels, logos, watermark, border, collage, split panel, or extra objects. Target word or phrase: “Nile River”. Arabic teaching meaning for interpretation only: “نهر النيل”. Show: a single clear, child-friendly visual that shows the literal meaning of “Nile River” (نهر النيل).",To generate
254,5,U2 L3,north,الشمال,cartoon-254-north.png,"a single clear, child-friendly visual that shows the literal meaning of “north” (الشمال)","Clean 2D educational cartoon illustration for a Primary 4 English vocabulary flashcard; portrait 3:4 composition; warm pale-cream background; one focused child-friendly subject or scene; rounded friendly shapes; clean dark navy outlines; soft gentle shadows; bright but balanced colors; no text, English or Arabic letters, numbers, labels, logos, watermark, border, collage, split panel, or extra objects. Target word or phrase: “north”. Arabic teaching meaning for interpretation only: “الشمال”. Show: a single clear, child-friendly visual that shows the literal meaning of “north” (الشمال).",To generate
255,5,U3 L3,notice,يلاحظ,cartoon-255-notice.png,a child noticing a small butterfly on a flower,"Clean 2D educational cartoon illustration for a Primary 4 English vocabulary flashcard; portrait 3:4 composition; warm pale-cream background; one focused child-friendly subject or scene; rounded friendly shapes; clean dark navy outlines; soft gentle shadows; bright but balanced colors; no text, English or Arabic letters, numbers, labels, logos, watermark, border, collage, split panel, or extra objects. Target word or phrase: “notice”. Arabic teaching meaning for interpretation only: “يلاحظ”. Show: a child noticing a small butterfly on a flower.",To generate
256,5,U3 L3,noticed,يلاحظ,cartoon-256-noticed.png,a child noticing a small butterfly on a flower,"Clean 2D educational cartoon illustration for a Primary 4 English vocabulary flashcard; portrait 3:4 composition; warm pale-cream background; one focused child-friendly subject or scene; rounded friendly shapes; clean dark navy outlines; soft gentle shadows; bright but balanced colors; no text, English or Arabic letters, numbers, labels, logos, watermark, border, collage, split panel, or extra objects. Target word or phrase: “noticed”. Arabic teaching meaning for interpretation only: “يلاحظ”. Show: a child noticing a small butterfly on a flower.",To generate
257,5,U2 L3,Nubia,النوبة,cartoon-257-nubia.png,"a single clear, child-friendly visual that shows the literal meaning of “Nubia” (النوبة)","Clean 2D educational cartoon illustration for a Primary 4 English vocabulary flashcard; portrait 3:4 composition; warm pale-cream background; one focused child-friendly subject or scene; rounded friendly shapes; clean dark navy outlines; soft gentle shadows; bright but balanced colors; no text, English or Arabic letters, numbers, labels, logos, watermark, border, collage, split panel, or extra objects. Target word or phrase: “Nubia”. Arabic teaching meaning for interpretation only: “النوبة”. Show: a single clear, child-friendly visual that shows the literal meaning of “Nubia” (النوبة).",To generate
258,5,U4 L2,nurse,ممرضة,cartoon-258-nurse.png,"a single clear, child-friendly visual that shows the literal meaning of “nurse” (ممرضة)","Clean 2D educational cartoon illustration for a Primary 4 English vocabulary flashcard; portrait 3:4 composition; warm pale-cream background; one focused child-friendly subject or scene; rounded friendly shapes; clean dark navy outlines; soft gentle shadows; bright but balanced colors; no text, English or Arabic letters, numbers, labels, logos, watermark, border, collage, split panel, or extra objects. Target word or phrase: “nurse”. Arabic teaching meaning for interpretation only: “ممرضة”. Show: a single clear, child-friendly visual that shows the literal meaning of “nurse” (ممرضة).",To generate
259,5,U1 L3,offer,يعرض,cartoon-259-offer.png,a child offering a glass of water to a thirsty friend,"Clean 2D educational cartoon illustration for a Primary 4 English vocabulary flashcard; portrait 3:4 composition; warm pale-cream background; one focused child-friendly subject or scene; rounded friendly shapes; clean dark navy outlines; soft gentle shadows; bright but balanced colors; no text, English or Arabic letters, numbers, labels, logos, watermark, border, collage, split panel, or extra objects. Target word or phrase: “offer”. Arabic teaching meaning for interpretation only: “يعرض”. Show: a child offering a glass of water to a thirsty friend.",To generate
260,5,U1 L3,offered,يعرض,cartoon-260-offered.png,a child offering a glass of water to a thirsty friend,"Clean 2D educational cartoon illustration for a Primary 4 English vocabulary flashcard; portrait 3:4 composition; warm pale-cream background; one focused child-friendly subject or scene; rounded friendly shapes; clean dark navy outlines; soft gentle shadows; bright but balanced colors; no text, English or Arabic letters, numbers, labels, logos, watermark, border, collage, split panel, or extra objects. Target word or phrase: “offered”. Arabic teaching meaning for interpretation only: “يعرض”. Show: a child offering a glass of water to a thirsty friend.",To generate
261,6,U4 L4&5,olive oil,زيت زيتون,cartoon-261-olive-oil.png,"a single clear, child-friendly visual that shows the literal meaning of “olive oil” (زيت زيتون)","Clean 2D educational cartoon illustration for a Primary 4 English vocabulary flashcard; portrait 3:4 composition; warm pale-cream background; one focused child-friendly subject or scene; rounded friendly shapes; clean dark navy outlines; soft gentle shadows; bright but balanced colors; no text, English or Arabic letters, numbers, labels, logos, watermark, border, collage, split panel, or extra objects. Target word or phrase: “olive oil”. Arabic teaching meaning for interpretation only: “زيت زيتون”. Show: a single clear, child-friendly visual that shows the literal meaning of “olive oil” (زيت زيتون).",To generate
262,6,U2 L2,on the road,في الطريق,cartoon-262-on-the-road.png,a family driving safely on a clear road,"Clean 2D educational cartoon illustration for a Primary 4 English vocabulary flashcard; portrait 3:4 composition; warm pale-cream background; one focused child-friendly subject or scene; rounded friendly shapes; clean dark navy outlines; soft gentle shadows; bright but balanced colors; no text, English or Arabic letters, numbers, labels, logos, watermark, border, collage, split panel, or extra objects. Target word or phrase: “on the road”. Arabic teaching meaning for interpretation only: “في الطريق”. Show: a family driving safely on a clear road.",To generate
263,6,U3 L3,one by one,واحد بعد الآخر/واحد تلو الآخر,cartoon-263-one-by-one.png,children standing in a neat line and taking turns one by one,"Clean 2D educational cartoon illustration for a Primary 4 English vocabulary flashcard; portrait 3:4 composition; warm pale-cream background; one focused child-friendly subject or scene; rounded friendly shapes; clean dark navy outlines; soft gentle shadows; bright but balanced colors; no text, English or Arabic letters, numbers, labels, logos, watermark, border, collage, split panel, or extra objects. Target word or phrase: “one by one”. Arabic teaching meaning for interpretation only: “واحد بعد الآخر/واحد تلو الآخر”. Show: children standing in a neat line and taking turns one by one.",To generate
264,6,U1 L2,orange juice,عصير برتقال,cartoon-264-orange-juice.png,"a single clear, child-friendly visual that shows the literal meaning of “orange juice” (عصير برتقال)","Clean 2D educational cartoon illustration for a Primary 4 English vocabulary flashcard; portrait 3:4 composition; warm pale-cream background; one focused child-friendly subject or scene; rounded friendly shapes; clean dark navy outlines; soft gentle shadows; bright but balanced colors; no text, English or Arabic letters, numbers, labels, logos, watermark, border, collage, split panel, or extra objects. Target word or phrase: “orange juice”. Arabic teaching meaning for interpretation only: “عصير برتقال”. Show: a single clear, child-friendly visual that shows the literal meaning of “orange juice” (عصير برتقال).",To generate
265,6,U3 L4&5,organization,منظمة,cartoon-265-organization.png,"a single clear, child-friendly visual that shows the literal meaning of “organization” (منظمة)","Clean 2D educational cartoon illustration for a Primary 4 English vocabulary flashcard; portrait 3:4 composition; warm pale-cream background; one focused child-friendly subject or scene; rounded friendly shapes; clean dark navy outlines; soft gentle shadows; bright but balanced colors; no text, English or Arabic letters, numbers, labels, logos, watermark, border, collage, split panel, or extra objects. Target word or phrase: “organization”. Arabic teaching meaning for interpretation only: “منظمة”. Show: a single clear, child-friendly visual that shows the literal meaning of “organization” (منظمة).",To generate
266,6,U5 L4&5,origami,فن تشكيل الورق,cartoon-266-origami.png,"a single clear, child-friendly visual that shows the literal meaning of “origami” (فن تشكيل الورق)","Clean 2D educational cartoon illustration for a Primary 4 English vocabulary flashcard; portrait 3:4 composition; warm pale-cream background; one focused child-friendly subject or scene; rounded friendly shapes; clean dark navy outlines; soft gentle shadows; bright but balanced colors; no text, English or Arabic letters, numbers, labels, logos, watermark, border, collage, split panel, or extra objects. Target word or phrase: “origami”. Arabic teaching meaning for interpretation only: “فن تشكيل الورق”. Show: a single clear, child-friendly visual that shows the literal meaning of “origami” (فن تشكيل الورق).",To generate
267,6,U2 L3,outfit,رداء خاص (ملابس),cartoon-267-outfit.png,"a single clear, child-friendly visual that shows the literal meaning of “outfit” (رداء خاص (ملابس))","Clean 2D educational cartoon illustration for a Primary 4 English vocabulary flashcard; portrait 3:4 composition; warm pale-cream background; one focused child-friendly subject or scene; rounded friendly shapes; clean dark navy outlines; soft gentle shadows; bright but balanced colors; no text, English or Arabic letters, numbers, labels, logos, watermark, border, collage, split panel, or extra objects. Target word or phrase: “outfit”. Arabic teaching meaning for interpretation only: “رداء خاص (ملابس)”. Show: a single clear, child-friendly visual that shows the literal meaning of “outfit” (رداء خاص (ملابس)).",To generate
268,6,U1 L3,owner,مالك,cartoon-268-owner.png,"a single clear, child-friendly visual that shows the literal meaning of “owner” (مالك)","Clean 2D educational cartoon illustration for a Primary 4 English vocabulary flashcard; portrait 3:4 composition; warm pale-cream background; one focused child-friendly subject or scene; rounded friendly shapes; clean dark navy outlines; soft gentle shadows; bright but balanced colors; no text, English or Arabic letters, numbers, labels, logos, watermark, border, collage, split panel, or extra objects. Target word or phrase: “owner”. Arabic teaching meaning for interpretation only: “مالك”. Show: a single clear, child-friendly visual that shows the literal meaning of “owner” (مالك).",To generate
269,6,U5 L4&5,oxygen tank,أسطوانة الأكسجين,cartoon-269-oxygen-tank.png,"a single clear, child-friendly visual that shows the literal meaning of “oxygen tank” (أسطوانة الأكسجين)","Clean 2D educational cartoon illustration for a Primary 4 English vocabulary flashcard; portrait 3:4 composition; warm pale-cream background; one focused child-friendly subject or scene; rounded friendly shapes; clean dark navy outlines; soft gentle shadows; bright but balanced colors; no text, English or Arabic letters, numbers, labels, logos, watermark, border, collage, split panel, or extra objects. Target word or phrase: “oxygen tank”. Arabic teaching meaning for interpretation only: “أسطوانة الأكسجين”. Show: a single clear, child-friendly visual that shows the literal meaning of “oxygen tank” (أسطوانة الأكسجين).",To generate
270,6,U4 L2,packages,طرود بريدية,cartoon-270-packages.png,"a single clear, child-friendly visual that shows the literal meaning of “packages” (طرود بريدية)","Clean 2D educational cartoon illustration for a Primary 4 English vocabulary flashcard; portrait 3:4 composition; warm pale-cream background; one focused child-friendly subject or scene; rounded friendly shapes; clean dark navy outlines; soft gentle shadows; bright but balanced colors; no text, English or Arabic letters, numbers, labels, logos, watermark, border, collage, split panel, or extra objects. Target word or phrase: “packages”. Arabic teaching meaning for interpretation only: “طرود بريدية”. Show: a single clear, child-friendly visual that shows the literal meaning of “packages” (طرود بريدية).",To generate
271,6,U1 L3,paid for,يدفع (ثمن),cartoon-271-paid-for.png,"a child giving coins to buy bread at a small shop, no signs","Clean 2D educational cartoon illustration for a Primary 4 English vocabulary flashcard; portrait 3:4 composition; warm pale-cream background; one focused child-friendly subject or scene; rounded friendly shapes; clean dark navy outlines; soft gentle shadows; bright but balanced colors; no text, English or Arabic letters, numbers, labels, logos, watermark, border, collage, split panel, or extra objects. Target word or phrase: “paid for”. Arabic teaching meaning for interpretation only: “يدفع (ثمن)”. Show: a child giving coins to buy bread at a small shop, no signs.",To generate
272,6,U2 L3,paint,يدهن,cartoon-272-paint.png,"a single clear, child-friendly visual that shows the literal meaning of “paint” (يدهن)","Clean 2D educational cartoon illustration for a Primary 4 English vocabulary flashcard; portrait 3:4 composition; warm pale-cream background; one focused child-friendly subject or scene; rounded friendly shapes; clean dark navy outlines; soft gentle shadows; bright but balanced colors; no text, English or Arabic letters, numbers, labels, logos, watermark, border, collage, split panel, or extra objects. Target word or phrase: “paint”. Arabic teaching meaning for interpretation only: “يدهن”. Show: a single clear, child-friendly visual that shows the literal meaning of “paint” (يدهن).",To generate
273,6,U2 L3,painted,يدهن,cartoon-273-painted.png,a child painting a colourful flower picture,"Clean 2D educational cartoon illustration for a Primary 4 English vocabulary flashcard; portrait 3:4 composition; warm pale-cream background; one focused child-friendly subject or scene; rounded friendly shapes; clean dark navy outlines; soft gentle shadows; bright but balanced colors; no text, English or Arabic letters, numbers, labels, logos, watermark, border, collage, split panel, or extra objects. Target word or phrase: “painted”. Arabic teaching meaning for interpretation only: “يدهن”. Show: a child painting a colourful flower picture.",To generate
274,6,U4 L4&5,palm trees,أشجار النخيل,cartoon-274-palm-trees.png,"a single clear, child-friendly visual that shows the literal meaning of “palm trees” (أشجار النخيل)","Clean 2D educational cartoon illustration for a Primary 4 English vocabulary flashcard; portrait 3:4 composition; warm pale-cream background; one focused child-friendly subject or scene; rounded friendly shapes; clean dark navy outlines; soft gentle shadows; bright but balanced colors; no text, English or Arabic letters, numbers, labels, logos, watermark, border, collage, split panel, or extra objects. Target word or phrase: “palm trees”. Arabic teaching meaning for interpretation only: “أشجار النخيل”. Show: a single clear, child-friendly visual that shows the literal meaning of “palm trees” (أشجار النخيل).",To generate
275,6,U2 L3,pants,بنطلون,cartoon-275-pants.png,"a single clear, child-friendly visual that shows the literal meaning of “pants” (بنطلون)","Clean 2D educational cartoon illustration for a Primary 4 English vocabulary flashcard; portrait 3:4 composition; warm pale-cream background; one focused child-friendly subject or scene; rounded friendly shapes; clean dark navy outlines; soft gentle shadows; bright but balanced colors; no text, English or Arabic letters, numbers, labels, logos, watermark, border, collage, split panel, or extra objects. Target word or phrase: “pants”. Arabic teaching meaning for interpretation only: “بنطلون”. Show: a single clear, child-friendly visual that shows the literal meaning of “pants” (بنطلون).",To generate
276,6,U5 L1,patients,مرضى,cartoon-276-patients.png,"a single clear, child-friendly visual that shows the literal meaning of “patients” (مرضى)","Clean 2D educational cartoon illustration for a Primary 4 English vocabulary flashcard; portrait 3:4 composition; warm pale-cream background; one focused child-friendly subject or scene; rounded friendly shapes; clean dark navy outlines; soft gentle shadows; bright but balanced colors; no text, English or Arabic letters, numbers, labels, logos, watermark, border, collage, split panel, or extra objects. Target word or phrase: “patients”. Arabic teaching meaning for interpretation only: “مرضى”. Show: a single clear, child-friendly visual that shows the literal meaning of “patients” (مرضى).",To generate
277,6,U1 L3,pay for,يدفع (ثمن),cartoon-277-pay-for.png,"a single clear, child-friendly visual that shows the literal meaning of “pay for” (يدفع (ثمن))","Clean 2D educational cartoon illustration for a Primary 4 English vocabulary flashcard; portrait 3:4 composition; warm pale-cream background; one focused child-friendly subject or scene; rounded friendly shapes; clean dark navy outlines; soft gentle shadows; bright but balanced colors; no text, English or Arabic letters, numbers, labels, logos, watermark, border, collage, split panel, or extra objects. Target word or phrase: “pay for”. Arabic teaching meaning for interpretation only: “يدفع (ثمن)”. Show: a single clear, child-friendly visual that shows the literal meaning of “pay for” (يدفع (ثمن)).",To generate
278,6,U3 L2,pet,حيوان أليف,cartoon-278-pet.png,"a single clear, child-friendly visual that shows the literal meaning of “pet” (حيوان أليف)","Clean 2D educational cartoon illustration for a Primary 4 English vocabulary flashcard; portrait 3:4 composition; warm pale-cream background; one focused child-friendly subject or scene; rounded friendly shapes; clean dark navy outlines; soft gentle shadows; bright but balanced colors; no text, English or Arabic letters, numbers, labels, logos, watermark, border, collage, split panel, or extra objects. Target word or phrase: “pet”. Arabic teaching meaning for interpretation only: “حيوان أليف”. Show: a single clear, child-friendly visual that shows the literal meaning of “pet” (حيوان أليف).",To generate
279,6,U2 L4&5,photos,صور (فوتوغرافية),cartoon-279-photos.png,"a single clear, child-friendly visual that shows the literal meaning of “photos” (صور (فوتوغرافية))","Clean 2D educational cartoon illustration for a Primary 4 English vocabulary flashcard; portrait 3:4 composition; warm pale-cream background; one focused child-friendly subject or scene; rounded friendly shapes; clean dark navy outlines; soft gentle shadows; bright but balanced colors; no text, English or Arabic letters, numbers, labels, logos, watermark, border, collage, split panel, or extra objects. Target word or phrase: “photos”. Arabic teaching meaning for interpretation only: “صور (فوتوغرافية)”. Show: a single clear, child-friendly visual that shows the literal meaning of “photos” (صور (فوتوغرافية)).",To generate
280,6,U2 L1,plant,يزرع,cartoon-280-plant.png,"a single clear, child-friendly visual that shows the literal meaning of “plant” (يزرع)","Clean 2D educational cartoon illustration for a Primary 4 English vocabulary flashcard; portrait 3:4 composition; warm pale-cream background; one focused child-friendly subject or scene; rounded friendly shapes; clean dark navy outlines; soft gentle shadows; bright but balanced colors; no text, English or Arabic letters, numbers, labels, logos, watermark, border, collage, split panel, or extra objects. Target word or phrase: “plant”. Arabic teaching meaning for interpretation only: “يزرع”. Show: a single clear, child-friendly visual that shows the literal meaning of “plant” (يزرع).",To generate
281,6,U1 L2,play sports,يلعب رياضة,cartoon-281-play-sports.png,"a single clear, child-friendly visual that shows the literal meaning of “play sports” (يلعب رياضة)","Clean 2D educational cartoon illustration for a Primary 4 English vocabulary flashcard; portrait 3:4 composition; warm pale-cream background; one focused child-friendly subject or scene; rounded friendly shapes; clean dark navy outlines; soft gentle shadows; bright but balanced colors; no text, English or Arabic letters, numbers, labels, logos, watermark, border, collage, split panel, or extra objects. Target word or phrase: “play sports”. Arabic teaching meaning for interpretation only: “يلعب رياضة”. Show: a single clear, child-friendly visual that shows the literal meaning of “play sports” (يلعب رياضة).",To generate
282,6,U6 LStory,playground,ملعب,cartoon-282-playground.png,"a single clear, child-friendly visual that shows the literal meaning of “playground” (ملعب)","Clean 2D educational cartoon illustration for a Primary 4 English vocabulary flashcard; portrait 3:4 composition; warm pale-cream background; one focused child-friendly subject or scene; rounded friendly shapes; clean dark navy outlines; soft gentle shadows; bright but balanced colors; no text, English or Arabic letters, numbers, labels, logos, watermark, border, collage, split panel, or extra objects. Target word or phrase: “playground”. Arabic teaching meaning for interpretation only: “ملعب”. Show: a single clear, child-friendly visual that shows the literal meaning of “playground” (ملعب).",To generate
283,6,U1 L3,pocket,جيب,cartoon-283-pocket.png,"a single clear, child-friendly visual that shows the literal meaning of “pocket” (جيب)","Clean 2D educational cartoon illustration for a Primary 4 English vocabulary flashcard; portrait 3:4 composition; warm pale-cream background; one focused child-friendly subject or scene; rounded friendly shapes; clean dark navy outlines; soft gentle shadows; bright but balanced colors; no text, English or Arabic letters, numbers, labels, logos, watermark, border, collage, split panel, or extra objects. Target word or phrase: “pocket”. Arabic teaching meaning for interpretation only: “جيب”. Show: a single clear, child-friendly visual that shows the literal meaning of “pocket” (جيب).",To generate
284,6,U5 L1,police officer,ضابط شرطة,cartoon-284-police-officer.png,"a single clear, child-friendly visual that shows the literal meaning of “police officer” (ضابط شرطة)","Clean 2D educational cartoon illustration for a Primary 4 English vocabulary flashcard; portrait 3:4 composition; warm pale-cream background; one focused child-friendly subject or scene; rounded friendly shapes; clean dark navy outlines; soft gentle shadows; bright but balanced colors; no text, English or Arabic letters, numbers, labels, logos, watermark, border, collage, split panel, or extra objects. Target word or phrase: “police officer”. Arabic teaching meaning for interpretation only: “ضابط شرطة”. Show: a single clear, child-friendly visual that shows the literal meaning of “police officer” (ضابط شرطة).",To generate
285,6,U3 L4&5,pollution,تلوث,cartoon-285-pollution.png,"a single clear, child-friendly visual that shows the literal meaning of “pollution” (تلوث)","Clean 2D educational cartoon illustration for a Primary 4 English vocabulary flashcard; portrait 3:4 composition; warm pale-cream background; one focused child-friendly subject or scene; rounded friendly shapes; clean dark navy outlines; soft gentle shadows; bright but balanced colors; no text, English or Arabic letters, numbers, labels, logos, watermark, border, collage, split panel, or extra objects. Target word or phrase: “pollution”. Arabic teaching meaning for interpretation only: “تلوث”. Show: a single clear, child-friendly visual that shows the literal meaning of “pollution” (تلوث).",To generate
286,6,U4 L4&5,popular,مشهور,cartoon-286-popular.png,"a single clear, child-friendly visual that shows the literal meaning of “popular” (مشهور)","Clean 2D educational cartoon illustration for a Primary 4 English vocabulary flashcard; portrait 3:4 composition; warm pale-cream background; one focused child-friendly subject or scene; rounded friendly shapes; clean dark navy outlines; soft gentle shadows; bright but balanced colors; no text, English or Arabic letters, numbers, labels, logos, watermark, border, collage, split panel, or extra objects. Target word or phrase: “popular”. Arabic teaching meaning for interpretation only: “مشهور”. Show: a single clear, child-friendly visual that shows the literal meaning of “popular” (مشهور).",To generate
287,6,U4 L2,post office,مكتب البريد,cartoon-287-post-office.png,"a single clear, child-friendly visual that shows the literal meaning of “post office” (مكتب البريد)","Clean 2D educational cartoon illustration for a Primary 4 English vocabulary flashcard; portrait 3:4 composition; warm pale-cream background; one focused child-friendly subject or scene; rounded friendly shapes; clean dark navy outlines; soft gentle shadows; bright but balanced colors; no text, English or Arabic letters, numbers, labels, logos, watermark, border, collage, split panel, or extra objects. Target word or phrase: “post office”. Arabic teaching meaning for interpretation only: “مكتب البريد”. Show: a single clear, child-friendly visual that shows the literal meaning of “post office” (مكتب البريد).",To generate
288,6,U2 L3,pottery,فخار / صناعة الفخار,cartoon-288-pottery.png,"a single clear, child-friendly visual that shows the literal meaning of “pottery” (فخار / صناعة الفخار)","Clean 2D educational cartoon illustration for a Primary 4 English vocabulary flashcard; portrait 3:4 composition; warm pale-cream background; one focused child-friendly subject or scene; rounded friendly shapes; clean dark navy outlines; soft gentle shadows; bright but balanced colors; no text, English or Arabic letters, numbers, labels, logos, watermark, border, collage, split panel, or extra objects. Target word or phrase: “pottery”. Arabic teaching meaning for interpretation only: “فخار / صناعة الفخار”. Show: a single clear, child-friendly visual that shows the literal meaning of “pottery” (فخار / صناعة الفخار).",To generate
289,6,U1 L4&5,prepare,يعد / يجهز,cartoon-289-prepare.png,a family preparing a healthy meal together,"Clean 2D educational cartoon illustration for a Primary 4 English vocabulary flashcard; portrait 3:4 composition; warm pale-cream background; one focused child-friendly subject or scene; rounded friendly shapes; clean dark navy outlines; soft gentle shadows; bright but balanced colors; no text, English or Arabic letters, numbers, labels, logos, watermark, border, collage, split panel, or extra objects. Target word or phrase: “prepare”. Arabic teaching meaning for interpretation only: “يعد / يجهز”. Show: a family preparing a healthy meal together.",To generate
290,6,U1 L4&5,prepared,يعد / يجهز,cartoon-290-prepared.png,a family preparing a healthy meal together,"Clean 2D educational cartoon illustration for a Primary 4 English vocabulary flashcard; portrait 3:4 composition; warm pale-cream background; one focused child-friendly subject or scene; rounded friendly shapes; clean dark navy outlines; soft gentle shadows; bright but balanced colors; no text, English or Arabic letters, numbers, labels, logos, watermark, border, collage, split panel, or extra objects. Target word or phrase: “prepared”. Arabic teaching meaning for interpretation only: “يعد / يجهز”. Show: a family preparing a healthy meal together.",To generate
291,6,U3 L3,pretend,يتظاهر,cartoon-291-pretend.png,a child pretending to be a doctor with a toy stethoscope,"Clean 2D educational cartoon illustration for a Primary 4 English vocabulary flashcard; portrait 3:4 composition; warm pale-cream background; one focused child-friendly subject or scene; rounded friendly shapes; clean dark navy outlines; soft gentle shadows; bright but balanced colors; no text, English or Arabic letters, numbers, labels, logos, watermark, border, collage, split panel, or extra objects. Target word or phrase: “pretend”. Arabic teaching meaning for interpretation only: “يتظاهر”. Show: a child pretending to be a doctor with a toy stethoscope.",To generate
292,6,U3 L3,pretended,يتظاهر,cartoon-292-pretended.png,a child pretending to be a doctor with a toy stethoscope,"Clean 2D educational cartoon illustration for a Primary 4 English vocabulary flashcard; portrait 3:4 composition; warm pale-cream background; one focused child-friendly subject or scene; rounded friendly shapes; clean dark navy outlines; soft gentle shadows; bright but balanced colors; no text, English or Arabic letters, numbers, labels, logos, watermark, border, collage, split panel, or extra objects. Target word or phrase: “pretended”. Arabic teaching meaning for interpretation only: “يتظاهر”. Show: a child pretending to be a doctor with a toy stethoscope.",To generate
293,6,U4 L4&5,price,ثمن,cartoon-293-price.png,"a single clear, child-friendly visual that shows the literal meaning of “price” (ثمن)","Clean 2D educational cartoon illustration for a Primary 4 English vocabulary flashcard; portrait 3:4 composition; warm pale-cream background; one focused child-friendly subject or scene; rounded friendly shapes; clean dark navy outlines; soft gentle shadows; bright but balanced colors; no text, English or Arabic letters, numbers, labels, logos, watermark, border, collage, split panel, or extra objects. Target word or phrase: “price”. Arabic teaching meaning for interpretation only: “ثمن”. Show: a single clear, child-friendly visual that shows the literal meaning of “price” (ثمن).",To generate
294,6,U2 L2,problems,مشكلات,cartoon-294-problems.png,"a single clear, child-friendly visual that shows the literal meaning of “problems” (مشكلات)","Clean 2D educational cartoon illustration for a Primary 4 English vocabulary flashcard; portrait 3:4 composition; warm pale-cream background; one focused child-friendly subject or scene; rounded friendly shapes; clean dark navy outlines; soft gentle shadows; bright but balanced colors; no text, English or Arabic letters, numbers, labels, logos, watermark, border, collage, split panel, or extra objects. Target word or phrase: “problems”. Arabic teaching meaning for interpretation only: “مشكلات”. Show: a single clear, child-friendly visual that shows the literal meaning of “problems” (مشكلات).",To generate
295,6,U3 L2,protect,يحمي,cartoon-295-protect.png,"a single clear, child-friendly visual that shows the literal meaning of “protect” (يحمي)","Clean 2D educational cartoon illustration for a Primary 4 English vocabulary flashcard; portrait 3:4 composition; warm pale-cream background; one focused child-friendly subject or scene; rounded friendly shapes; clean dark navy outlines; soft gentle shadows; bright but balanced colors; no text, English or Arabic letters, numbers, labels, logos, watermark, border, collage, split panel, or extra objects. Target word or phrase: “protect”. Arabic teaching meaning for interpretation only: “يحمي”. Show: a single clear, child-friendly visual that shows the literal meaning of “protect” (يحمي).",To generate
296,6,U3 L2,protected,يحمي,cartoon-296-protected.png,"a single clear, child-friendly visual that shows the literal meaning of “protected” (يحمي)","Clean 2D educational cartoon illustration for a Primary 4 English vocabulary flashcard; portrait 3:4 composition; warm pale-cream background; one focused child-friendly subject or scene; rounded friendly shapes; clean dark navy outlines; soft gentle shadows; bright but balanced colors; no text, English or Arabic letters, numbers, labels, logos, watermark, border, collage, split panel, or extra objects. Target word or phrase: “protected”. Arabic teaching meaning for interpretation only: “يحمي”. Show: a single clear, child-friendly visual that shows the literal meaning of “protected” (يحمي).",To generate
297,6,U5 L4&5,protective,واقي,cartoon-297-protective.png,"a single clear, child-friendly visual that shows the literal meaning of “protective” (واقي)","Clean 2D educational cartoon illustration for a Primary 4 English vocabulary flashcard; portrait 3:4 composition; warm pale-cream background; one focused child-friendly subject or scene; rounded friendly shapes; clean dark navy outlines; soft gentle shadows; bright but balanced colors; no text, English or Arabic letters, numbers, labels, logos, watermark, border, collage, split panel, or extra objects. Target word or phrase: “protective”. Arabic teaching meaning for interpretation only: “واقي”. Show: a single clear, child-friendly visual that shows the literal meaning of “protective” (واقي).",To generate
298,6,U2 L4&5,proud to,فخور أن,cartoon-298-proud-to.png,a child proudly holding a finished craft project,"Clean 2D educational cartoon illustration for a Primary 4 English vocabulary flashcard; portrait 3:4 composition; warm pale-cream background; one focused child-friendly subject or scene; rounded friendly shapes; clean dark navy outlines; soft gentle shadows; bright but balanced colors; no text, English or Arabic letters, numbers, labels, logos, watermark, border, collage, split panel, or extra objects. Target word or phrase: “proud to”. Arabic teaching meaning for interpretation only: “فخور أن”. Show: a child proudly holding a finished craft project.",To generate
299,6,U5 L2,puppet,دمية,cartoon-299-puppet.png,"a single clear, child-friendly visual that shows the literal meaning of “puppet” (دمية)","Clean 2D educational cartoon illustration for a Primary 4 English vocabulary flashcard; portrait 3:4 composition; warm pale-cream background; one focused child-friendly subject or scene; rounded friendly shapes; clean dark navy outlines; soft gentle shadows; bright but balanced colors; no text, English or Arabic letters, numbers, labels, logos, watermark, border, collage, split panel, or extra objects. Target word or phrase: “puppet”. Arabic teaching meaning for interpretation only: “دمية”. Show: a single clear, child-friendly visual that shows the literal meaning of “puppet” (دمية).",To generate
300,6,U2 L2,put,يضع,cartoon-300-put.png,"a single clear, child-friendly visual that shows the literal meaning of “put” (يضع)","Clean 2D educational cartoon illustration for a Primary 4 English vocabulary flashcard; portrait 3:4 composition; warm pale-cream background; one focused child-friendly subject or scene; rounded friendly shapes; clean dark navy outlines; soft gentle shadows; bright but balanced colors; no text, English or Arabic letters, numbers, labels, logos, watermark, border, collage, split panel, or extra objects. Target word or phrase: “put”. Arabic teaching meaning for interpretation only: “يضع”. Show: a single clear, child-friendly visual that shows the literal meaning of “put” (يضع).",To generate
301,6,U4 L1,Pyramids,الأهرامات,cartoon-301-pyramids.png,"a single clear, child-friendly visual that shows the literal meaning of “Pyramids” (الأهرامات)","Clean 2D educational cartoon illustration for a Primary 4 English vocabulary flashcard; portrait 3:4 composition; warm pale-cream background; one focused child-friendly subject or scene; rounded friendly shapes; clean dark navy outlines; soft gentle shadows; bright but balanced colors; no text, English or Arabic letters, numbers, labels, logos, watermark, border, collage, split panel, or extra objects. Target word or phrase: “Pyramids”. Arabic teaching meaning for interpretation only: “الأهرامات”. Show: a single clear, child-friendly visual that shows the literal meaning of “Pyramids” (الأهرامات).",To generate
302,6,U6 LStory,quiet,هادئ,cartoon-302-quiet.png,a child reading quietly in a library corner,"Clean 2D educational cartoon illustration for a Primary 4 English vocabulary flashcard; portrait 3:4 composition; warm pale-cream background; one focused child-friendly subject or scene; rounded friendly shapes; clean dark navy outlines; soft gentle shadows; bright but balanced colors; no text, English or Arabic letters, numbers, labels, logos, watermark, border, collage, split panel, or extra objects. Target word or phrase: “quiet”. Arabic teaching meaning for interpretation only: “هادئ”. Show: a child reading quietly in a library corner.",To generate
303,6,U3 L1,ran,يجري,cartoon-303-ran.png,a child running safely in a playground,"Clean 2D educational cartoon illustration for a Primary 4 English vocabulary flashcard; portrait 3:4 composition; warm pale-cream background; one focused child-friendly subject or scene; rounded friendly shapes; clean dark navy outlines; soft gentle shadows; bright but balanced colors; no text, English or Arabic letters, numbers, labels, logos, watermark, border, collage, split panel, or extra objects. Target word or phrase: “ran”. Arabic teaching meaning for interpretation only: “يجري”. Show: a child running safely in a playground.",To generate
304,6,U3 L2,reach,يصل إلى,cartoon-304-reach.png,a child reaching a high shelf with a safe small step stool,"Clean 2D educational cartoon illustration for a Primary 4 English vocabulary flashcard; portrait 3:4 composition; warm pale-cream background; one focused child-friendly subject or scene; rounded friendly shapes; clean dark navy outlines; soft gentle shadows; bright but balanced colors; no text, English or Arabic letters, numbers, labels, logos, watermark, border, collage, split panel, or extra objects. Target word or phrase: “reach”. Arabic teaching meaning for interpretation only: “يصل إلى”. Show: a child reaching a high shelf with a safe small step stool.",To generate
305,6,U3 L2,reached,يصل إلى,cartoon-305-reached.png,a child reaching a high shelf with a safe small step stool,"Clean 2D educational cartoon illustration for a Primary 4 English vocabulary flashcard; portrait 3:4 composition; warm pale-cream background; one focused child-friendly subject or scene; rounded friendly shapes; clean dark navy outlines; soft gentle shadows; bright but balanced colors; no text, English or Arabic letters, numbers, labels, logos, watermark, border, collage, split panel, or extra objects. Target word or phrase: “reached”. Arabic teaching meaning for interpretation only: “يصل إلى”. Show: a child reaching a high shelf with a safe small step stool.",To generate
306,6,U5 L2,real,حقيقي - واقعي,cartoon-306-real.png,a child comparing a real apple with a toy apple,"Clean 2D educational cartoon illustration for a Primary 4 English vocabulary flashcard; portrait 3:4 composition; warm pale-cream background; one focused child-friendly subject or scene; rounded friendly shapes; clean dark navy outlines; soft gentle shadows; bright but balanced colors; no text, English or Arabic letters, numbers, labels, logos, watermark, border, collage, split panel, or extra objects. Target word or phrase: “real”. Arabic teaching meaning for interpretation only: “حقيقي - واقعي”. Show: a child comparing a real apple with a toy apple.",To generate
307,6,U3 L4&5,reason,سبب,cartoon-307-reason.png,"a child thinking about a reason for a simple event with a light bulb idea, no words","Clean 2D educational cartoon illustration for a Primary 4 English vocabulary flashcard; portrait 3:4 composition; warm pale-cream background; one focused child-friendly subject or scene; rounded friendly shapes; clean dark navy outlines; soft gentle shadows; bright but balanced colors; no text, English or Arabic letters, numbers, labels, logos, watermark, border, collage, split panel, or extra objects. Target word or phrase: “reason”. Arabic teaching meaning for interpretation only: “سبب”. Show: a child thinking about a reason for a simple event with a light bulb idea, no words.",To generate
308,6,U2 L2,reduce,يقلل,cartoon-308-reduce.png,a child reducing waste by using a reusable bottle,"Clean 2D educational cartoon illustration for a Primary 4 English vocabulary flashcard; portrait 3:4 composition; warm pale-cream background; one focused child-friendly subject or scene; rounded friendly shapes; clean dark navy outlines; soft gentle shadows; bright but balanced colors; no text, English or Arabic letters, numbers, labels, logos, watermark, border, collage, split panel, or extra objects. Target word or phrase: “reduce”. Arabic teaching meaning for interpretation only: “يقلل”. Show: a child reducing waste by using a reusable bottle.",To generate
309,6,U2 L2,reduced,يقلل,cartoon-309-reduced.png,a child reducing waste by using a reusable bottle,"Clean 2D educational cartoon illustration for a Primary 4 English vocabulary flashcard; portrait 3:4 composition; warm pale-cream background; one focused child-friendly subject or scene; rounded friendly shapes; clean dark navy outlines; soft gentle shadows; bright but balanced colors; no text, English or Arabic letters, numbers, labels, logos, watermark, border, collage, split panel, or extra objects. Target word or phrase: “reduced”. Arabic teaching meaning for interpretation only: “يقلل”. Show: a child reducing waste by using a reusable bottle.",To generate
310,6,U2 L3,region,منطقة / إقليم,cartoon-310-region.png,"a single clear, child-friendly visual that shows the literal meaning of “region” (منطقة / إقليم)","Clean 2D educational cartoon illustration for a Primary 4 English vocabulary flashcard; portrait 3:4 composition; warm pale-cream background; one focused child-friendly subject or scene; rounded friendly shapes; clean dark navy outlines; soft gentle shadows; bright but balanced colors; no text, English or Arabic letters, numbers, labels, logos, watermark, border, collage, split panel, or extra objects. Target word or phrase: “region”. Arabic teaching meaning for interpretation only: “منطقة / إقليم”. Show: a single clear, child-friendly visual that shows the literal meaning of “region” (منطقة / إقليم).",To generate
311,7,U5 L3,regret,ندم,cartoon-311-regret.png,"a child looking sorry after breaking a small toy, with a parent helping","Clean 2D educational cartoon illustration for a Primary 4 English vocabulary flashcard; portrait 3:4 composition; warm pale-cream background; one focused child-friendly subject or scene; rounded friendly shapes; clean dark navy outlines; soft gentle shadows; bright but balanced colors; no text, English or Arabic letters, numbers, labels, logos, watermark, border, collage, split panel, or extra objects. Target word or phrase: “regret”. Arabic teaching meaning for interpretation only: “ندم”. Show: a child looking sorry after breaking a small toy, with a parent helping.",To generate
312,7,U5 L3,request,طلب,cartoon-312-request.png,a polite child raising a hand to make a request in class,"Clean 2D educational cartoon illustration for a Primary 4 English vocabulary flashcard; portrait 3:4 composition; warm pale-cream background; one focused child-friendly subject or scene; rounded friendly shapes; clean dark navy outlines; soft gentle shadows; bright but balanced colors; no text, English or Arabic letters, numbers, labels, logos, watermark, border, collage, split panel, or extra objects. Target word or phrase: “request”. Arabic teaching meaning for interpretation only: “طلب”. Show: a polite child raising a hand to make a request in class.",To generate
313,7,U1 L3,restaurant,مطعم,cartoon-313-restaurant.png,"a single clear, child-friendly visual that shows the literal meaning of “restaurant” (مطعم)","Clean 2D educational cartoon illustration for a Primary 4 English vocabulary flashcard; portrait 3:4 composition; warm pale-cream background; one focused child-friendly subject or scene; rounded friendly shapes; clean dark navy outlines; soft gentle shadows; bright but balanced colors; no text, English or Arabic letters, numbers, labels, logos, watermark, border, collage, split panel, or extra objects. Target word or phrase: “restaurant”. Arabic teaching meaning for interpretation only: “مطعم”. Show: a single clear, child-friendly visual that shows the literal meaning of “restaurant” (مطعم).",To generate
314,7,U2 L4&5,rich,غني,cartoon-314-rich.png,"a single clear, child-friendly visual that shows the literal meaning of “rich” (غني)","Clean 2D educational cartoon illustration for a Primary 4 English vocabulary flashcard; portrait 3:4 composition; warm pale-cream background; one focused child-friendly subject or scene; rounded friendly shapes; clean dark navy outlines; soft gentle shadows; bright but balanced colors; no text, English or Arabic letters, numbers, labels, logos, watermark, border, collage, split panel, or extra objects. Target word or phrase: “rich”. Arabic teaching meaning for interpretation only: “غني”. Show: a single clear, child-friendly visual that shows the literal meaning of “rich” (غني).",To generate
315,7,U4 L4&5,rocks,صخور,cartoon-315-rocks.png,"a single clear, child-friendly visual that shows the literal meaning of “rocks” (صخور)","Clean 2D educational cartoon illustration for a Primary 4 English vocabulary flashcard; portrait 3:4 composition; warm pale-cream background; one focused child-friendly subject or scene; rounded friendly shapes; clean dark navy outlines; soft gentle shadows; bright but balanced colors; no text, English or Arabic letters, numbers, labels, logos, watermark, border, collage, split panel, or extra objects. Target word or phrase: “rocks”. Arabic teaching meaning for interpretation only: “صخور”. Show: a single clear, child-friendly visual that shows the literal meaning of “rocks” (صخور).",To generate
316,7,U3 L1,run,يجري,cartoon-316-run.png,"a single clear, child-friendly visual that shows the literal meaning of “run” (يجري)","Clean 2D educational cartoon illustration for a Primary 4 English vocabulary flashcard; portrait 3:4 composition; warm pale-cream background; one focused child-friendly subject or scene; rounded friendly shapes; clean dark navy outlines; soft gentle shadows; bright but balanced colors; no text, English or Arabic letters, numbers, labels, logos, watermark, border, collage, split panel, or extra objects. Target word or phrase: “run”. Arabic teaching meaning for interpretation only: “يجري”. Show: a single clear, child-friendly visual that shows the literal meaning of “run” (يجري).",To generate
317,7,U3 L3,run away,يهرب,cartoon-317-run-away.png,"a single clear, child-friendly visual that shows the literal meaning of “run away” (يهرب)","Clean 2D educational cartoon illustration for a Primary 4 English vocabulary flashcard; portrait 3:4 composition; warm pale-cream background; one focused child-friendly subject or scene; rounded friendly shapes; clean dark navy outlines; soft gentle shadows; bright but balanced colors; no text, English or Arabic letters, numbers, labels, logos, watermark, border, collage, split panel, or extra objects. Target word or phrase: “run away”. Arabic teaching meaning for interpretation only: “يهرب”. Show: a single clear, child-friendly visual that shows the literal meaning of “run away” (يهرب).",To generate
318,7,U3 L2,safe,آمن,cartoon-318-safe.png,a child wearing a helmet and knee pads while cycling safely,"Clean 2D educational cartoon illustration for a Primary 4 English vocabulary flashcard; portrait 3:4 composition; warm pale-cream background; one focused child-friendly subject or scene; rounded friendly shapes; clean dark navy outlines; soft gentle shadows; bright but balanced colors; no text, English or Arabic letters, numbers, labels, logos, watermark, border, collage, split panel, or extra objects. Target word or phrase: “safe”. Arabic teaching meaning for interpretation only: “آمن”. Show: a child wearing a helmet and knee pads while cycling safely.",To generate
319,7,U2 L4&5,safely,بأمان,cartoon-319-safely.png,a child crossing a road safely with an adult at a zebra crossing,"Clean 2D educational cartoon illustration for a Primary 4 English vocabulary flashcard; portrait 3:4 composition; warm pale-cream background; one focused child-friendly subject or scene; rounded friendly shapes; clean dark navy outlines; soft gentle shadows; bright but balanced colors; no text, English or Arabic letters, numbers, labels, logos, watermark, border, collage, split panel, or extra objects. Target word or phrase: “safely”. Arabic teaching meaning for interpretation only: “بأمان”. Show: a child crossing a road safely with an adult at a zebra crossing.",To generate
320,7,U1 L3,said,يقول,cartoon-320-said.png,a child talking kindly to a friend using a speech bubble with no letters,"Clean 2D educational cartoon illustration for a Primary 4 English vocabulary flashcard; portrait 3:4 composition; warm pale-cream background; one focused child-friendly subject or scene; rounded friendly shapes; clean dark navy outlines; soft gentle shadows; bright but balanced colors; no text, English or Arabic letters, numbers, labels, logos, watermark, border, collage, split panel, or extra objects. Target word or phrase: “said”. Arabic teaching meaning for interpretation only: “يقول”. Show: a child talking kindly to a friend using a speech bubble with no letters.",To generate
321,7,U4 L4&5,salt lake,البحيرة المالحة,cartoon-321-salt-lake.png,"a single clear, child-friendly visual that shows the literal meaning of “salt lake” (البحيرة المالحة)","Clean 2D educational cartoon illustration for a Primary 4 English vocabulary flashcard; portrait 3:4 composition; warm pale-cream background; one focused child-friendly subject or scene; rounded friendly shapes; clean dark navy outlines; soft gentle shadows; bright but balanced colors; no text, English or Arabic letters, numbers, labels, logos, watermark, border, collage, split panel, or extra objects. Target word or phrase: “salt lake”. Arabic teaching meaning for interpretation only: “البحيرة المالحة”. Show: a single clear, child-friendly visual that shows the literal meaning of “salt lake” (البحيرة المالحة).",To generate
322,7,U1 L4&5,same,متشابه / نفس الشيء,cartoon-322-same.png,two matching red balls side by side,"Clean 2D educational cartoon illustration for a Primary 4 English vocabulary flashcard; portrait 3:4 composition; warm pale-cream background; one focused child-friendly subject or scene; rounded friendly shapes; clean dark navy outlines; soft gentle shadows; bright but balanced colors; no text, English or Arabic letters, numbers, labels, logos, watermark, border, collage, split panel, or extra objects. Target word or phrase: “same”. Arabic teaching meaning for interpretation only: “متشابه / نفس الشيء”. Show: two matching red balls side by side.",To generate
323,7,U1 L1,sang,يغني,cartoon-323-sang.png,"a single clear, child-friendly visual that shows the literal meaning of “sang” (يغني)","Clean 2D educational cartoon illustration for a Primary 4 English vocabulary flashcard; portrait 3:4 composition; warm pale-cream background; one focused child-friendly subject or scene; rounded friendly shapes; clean dark navy outlines; soft gentle shadows; bright but balanced colors; no text, English or Arabic letters, numbers, labels, logos, watermark, border, collage, split panel, or extra objects. Target word or phrase: “sang”. Arabic teaching meaning for interpretation only: “يغني”. Show: a single clear, child-friendly visual that shows the literal meaning of “sang” (يغني).",To generate
324,7,U1 L3,say,يقول,cartoon-324-say.png,"a single clear, child-friendly visual that shows the literal meaning of “say” (يقول)","Clean 2D educational cartoon illustration for a Primary 4 English vocabulary flashcard; portrait 3:4 composition; warm pale-cream background; one focused child-friendly subject or scene; rounded friendly shapes; clean dark navy outlines; soft gentle shadows; bright but balanced colors; no text, English or Arabic letters, numbers, labels, logos, watermark, border, collage, split panel, or extra objects. Target word or phrase: “say”. Arabic teaching meaning for interpretation only: “يقول”. Show: a single clear, child-friendly visual that shows the literal meaning of “say” (يقول).",To generate
325,7,U4 L2,school,مدرسة,cartoon-325-school.png,"a single clear, child-friendly visual that shows the literal meaning of “school” (مدرسة)","Clean 2D educational cartoon illustration for a Primary 4 English vocabulary flashcard; portrait 3:4 composition; warm pale-cream background; one focused child-friendly subject or scene; rounded friendly shapes; clean dark navy outlines; soft gentle shadows; bright but balanced colors; no text, English or Arabic letters, numbers, labels, logos, watermark, border, collage, split panel, or extra objects. Target word or phrase: “school”. Arabic teaching meaning for interpretation only: “مدرسة”. Show: a single clear, child-friendly visual that shows the literal meaning of “school” (مدرسة).",To generate
326,7,U3 L4&5,sea animals,حيوانات بحرية,cartoon-326-sea-animals.png,"a single clear, child-friendly visual that shows the literal meaning of “sea animals” (حيوانات بحرية)","Clean 2D educational cartoon illustration for a Primary 4 English vocabulary flashcard; portrait 3:4 composition; warm pale-cream background; one focused child-friendly subject or scene; rounded friendly shapes; clean dark navy outlines; soft gentle shadows; bright but balanced colors; no text, English or Arabic letters, numbers, labels, logos, watermark, border, collage, split panel, or extra objects. Target word or phrase: “sea animals”. Arabic teaching meaning for interpretation only: “حيوانات بحرية”. Show: a single clear, child-friendly visual that shows the literal meaning of “sea animals” (حيوانات بحرية).",To generate
327,7,U3 L4&5,sea grass,عشب البحر,cartoon-327-sea-grass.png,"a single clear, child-friendly visual that shows the literal meaning of “sea grass” (عشب البحر)","Clean 2D educational cartoon illustration for a Primary 4 English vocabulary flashcard; portrait 3:4 composition; warm pale-cream background; one focused child-friendly subject or scene; rounded friendly shapes; clean dark navy outlines; soft gentle shadows; bright but balanced colors; no text, English or Arabic letters, numbers, labels, logos, watermark, border, collage, split panel, or extra objects. Target word or phrase: “sea grass”. Arabic teaching meaning for interpretation only: “عشب البحر”. Show: a single clear, child-friendly visual that shows the literal meaning of “sea grass” (عشب البحر).",To generate
328,7,U3 L1,see ... up close,يرى ... عن قرب,cartoon-328-see-up-close.png,"a single clear, child-friendly visual that shows the literal meaning of “see ... up close” (يرى ... عن قرب)","Clean 2D educational cartoon illustration for a Primary 4 English vocabulary flashcard; portrait 3:4 composition; warm pale-cream background; one focused child-friendly subject or scene; rounded friendly shapes; clean dark navy outlines; soft gentle shadows; bright but balanced colors; no text, English or Arabic letters, numbers, labels, logos, watermark, border, collage, split panel, or extra objects. Target word or phrase: “see ... up close”. Arabic teaching meaning for interpretation only: “يرى ... عن قرب”. Show: a single clear, child-friendly visual that shows the literal meaning of “see ... up close” (يرى ... عن قرب).",To generate
329,7,U2 L4&5,sell,يبيع,cartoon-329-sell.png,"a single clear, child-friendly visual that shows the literal meaning of “sell” (يبيع)","Clean 2D educational cartoon illustration for a Primary 4 English vocabulary flashcard; portrait 3:4 composition; warm pale-cream background; one focused child-friendly subject or scene; rounded friendly shapes; clean dark navy outlines; soft gentle shadows; bright but balanced colors; no text, English or Arabic letters, numbers, labels, logos, watermark, border, collage, split panel, or extra objects. Target word or phrase: “sell”. Arabic teaching meaning for interpretation only: “يبيع”. Show: a single clear, child-friendly visual that shows the literal meaning of “sell” (يبيع).",To generate
330,7,U1 L3,shake,يهز / يهتز,cartoon-330-shake.png,a child gently shaking a small bottle of juice,"Clean 2D educational cartoon illustration for a Primary 4 English vocabulary flashcard; portrait 3:4 composition; warm pale-cream background; one focused child-friendly subject or scene; rounded friendly shapes; clean dark navy outlines; soft gentle shadows; bright but balanced colors; no text, English or Arabic letters, numbers, labels, logos, watermark, border, collage, split panel, or extra objects. Target word or phrase: “shake”. Arabic teaching meaning for interpretation only: “يهز / يهتز”. Show: a child gently shaking a small bottle of juice.",To generate
331,7,U1 L3,share with,يتشارك مع,cartoon-331-share-with.png,two children sharing crayons at a table,"Clean 2D educational cartoon illustration for a Primary 4 English vocabulary flashcard; portrait 3:4 composition; warm pale-cream background; one focused child-friendly subject or scene; rounded friendly shapes; clean dark navy outlines; soft gentle shadows; bright but balanced colors; no text, English or Arabic letters, numbers, labels, logos, watermark, border, collage, split panel, or extra objects. Target word or phrase: “share with”. Arabic teaching meaning for interpretation only: “يتشارك مع”. Show: two children sharing crayons at a table.",To generate
332,7,U1 L2,sharp,يقظ / منتبه,cartoon-332-sharp.png,a child looking alert while listening to a teacher,"Clean 2D educational cartoon illustration for a Primary 4 English vocabulary flashcard; portrait 3:4 composition; warm pale-cream background; one focused child-friendly subject or scene; rounded friendly shapes; clean dark navy outlines; soft gentle shadows; bright but balanced colors; no text, English or Arabic letters, numbers, labels, logos, watermark, border, collage, split panel, or extra objects. Target word or phrase: “sharp”. Arabic teaching meaning for interpretation only: “يقظ / منتبه”. Show: a child looking alert while listening to a teacher.",To generate
333,7,U5 L3,shock,صدمة,cartoon-333-shock.png,a surprised child reacting to a safe small shock such as a balloon popping,"Clean 2D educational cartoon illustration for a Primary 4 English vocabulary flashcard; portrait 3:4 composition; warm pale-cream background; one focused child-friendly subject or scene; rounded friendly shapes; clean dark navy outlines; soft gentle shadows; bright but balanced colors; no text, English or Arabic letters, numbers, labels, logos, watermark, border, collage, split panel, or extra objects. Target word or phrase: “shock”. Arabic teaching meaning for interpretation only: “صدمة”. Show: a surprised child reacting to a safe small shock such as a balloon popping.",To generate
334,7,U1 L3,shook,يهز / يهتز,cartoon-334-shook.png,a child gently shaking a small bottle of juice,"Clean 2D educational cartoon illustration for a Primary 4 English vocabulary flashcard; portrait 3:4 composition; warm pale-cream background; one focused child-friendly subject or scene; rounded friendly shapes; clean dark navy outlines; soft gentle shadows; bright but balanced colors; no text, English or Arabic letters, numbers, labels, logos, watermark, border, collage, split panel, or extra objects. Target word or phrase: “shook”. Arabic teaching meaning for interpretation only: “يهز / يهتز”. Show: a child gently shaking a small bottle of juice.",To generate
335,7,U4 L2,shopping mall,مركز تجاري,cartoon-335-shopping-mall.png,"a single clear, child-friendly visual that shows the literal meaning of “shopping mall” (مركز تجاري)","Clean 2D educational cartoon illustration for a Primary 4 English vocabulary flashcard; portrait 3:4 composition; warm pale-cream background; one focused child-friendly subject or scene; rounded friendly shapes; clean dark navy outlines; soft gentle shadows; bright but balanced colors; no text, English or Arabic letters, numbers, labels, logos, watermark, border, collage, split panel, or extra objects. Target word or phrase: “shopping mall”. Arabic teaching meaning for interpretation only: “مركز تجاري”. Show: a single clear, child-friendly visual that shows the literal meaning of “shopping mall” (مركز تجاري).",To generate
336,7,U5 L2,shy,خجول,cartoon-336-shy.png,a shy child standing quietly behind a parent before meeting a friend,"Clean 2D educational cartoon illustration for a Primary 4 English vocabulary flashcard; portrait 3:4 composition; warm pale-cream background; one focused child-friendly subject or scene; rounded friendly shapes; clean dark navy outlines; soft gentle shadows; bright but balanced colors; no text, English or Arabic letters, numbers, labels, logos, watermark, border, collage, split panel, or extra objects. Target word or phrase: “shy”. Arabic teaching meaning for interpretation only: “خجول”. Show: a shy child standing quietly behind a parent before meeting a friend.",To generate
337,7,U3 L3,sick,مريض,cartoon-337-sick.png,a sick child resting in bed while a caring parent brings water,"Clean 2D educational cartoon illustration for a Primary 4 English vocabulary flashcard; portrait 3:4 composition; warm pale-cream background; one focused child-friendly subject or scene; rounded friendly shapes; clean dark navy outlines; soft gentle shadows; bright but balanced colors; no text, English or Arabic letters, numbers, labels, logos, watermark, border, collage, split panel, or extra objects. Target word or phrase: “sick”. Arabic teaching meaning for interpretation only: “مريض”. Show: a sick child resting in bed while a caring parent brings water.",To generate
338,7,U5 L1,sick people,المرضى,cartoon-338-sick-people.png,a nurse kindly caring for sick people in a hospital room,"Clean 2D educational cartoon illustration for a Primary 4 English vocabulary flashcard; portrait 3:4 composition; warm pale-cream background; one focused child-friendly subject or scene; rounded friendly shapes; clean dark navy outlines; soft gentle shadows; bright but balanced colors; no text, English or Arabic letters, numbers, labels, logos, watermark, border, collage, split panel, or extra objects. Target word or phrase: “sick people”. Arabic teaching meaning for interpretation only: “المرضى”. Show: a nurse kindly caring for sick people in a hospital room.",To generate
339,7,U1 L1,sight,حاسة الإبصار,cartoon-339-sight.png,"a single clear, child-friendly visual that shows the literal meaning of “sight” (حاسة الإبصار)","Clean 2D educational cartoon illustration for a Primary 4 English vocabulary flashcard; portrait 3:4 composition; warm pale-cream background; one focused child-friendly subject or scene; rounded friendly shapes; clean dark navy outlines; soft gentle shadows; bright but balanced colors; no text, English or Arabic letters, numbers, labels, logos, watermark, border, collage, split panel, or extra objects. Target word or phrase: “sight”. Arabic teaching meaning for interpretation only: “حاسة الإبصار”. Show: a single clear, child-friendly visual that shows the literal meaning of “sight” (حاسة الإبصار).",To generate
340,7,U6 LStory,sign,توقيع / يوقع,cartoon-340-sign.png,"a single clear, child-friendly visual that shows the literal meaning of “sign” (توقيع / يوقع)","Clean 2D educational cartoon illustration for a Primary 4 English vocabulary flashcard; portrait 3:4 composition; warm pale-cream background; one focused child-friendly subject or scene; rounded friendly shapes; clean dark navy outlines; soft gentle shadows; bright but balanced colors; no text, English or Arabic letters, numbers, labels, logos, watermark, border, collage, split panel, or extra objects. Target word or phrase: “sign”. Arabic teaching meaning for interpretation only: “توقيع / يوقع”. Show: a single clear, child-friendly visual that shows the literal meaning of “sign” (توقيع / يوقع).",To generate
341,7,U1 L2,simple,بسيط,cartoon-341-simple.png,a very simple paper airplane made from one sheet of paper,"Clean 2D educational cartoon illustration for a Primary 4 English vocabulary flashcard; portrait 3:4 composition; warm pale-cream background; one focused child-friendly subject or scene; rounded friendly shapes; clean dark navy outlines; soft gentle shadows; bright but balanced colors; no text, English or Arabic letters, numbers, labels, logos, watermark, border, collage, split panel, or extra objects. Target word or phrase: “simple”. Arabic teaching meaning for interpretation only: “بسيط”. Show: a very simple paper airplane made from one sheet of paper.",To generate
342,7,U1 L1,sing,يغني,cartoon-342-sing.png,"a single clear, child-friendly visual that shows the literal meaning of “sing” (يغني)","Clean 2D educational cartoon illustration for a Primary 4 English vocabulary flashcard; portrait 3:4 composition; warm pale-cream background; one focused child-friendly subject or scene; rounded friendly shapes; clean dark navy outlines; soft gentle shadows; bright but balanced colors; no text, English or Arabic letters, numbers, labels, logos, watermark, border, collage, split panel, or extra objects. Target word or phrase: “sing”. Arabic teaching meaning for interpretation only: “يغني”. Show: a single clear, child-friendly visual that shows the literal meaning of “sing” (يغني).",To generate
343,7,U4 L1,Siwa Oasis,واحة سيوة,cartoon-343-siwa-oasis.png,"a single clear, child-friendly visual that shows the literal meaning of “Siwa Oasis” (واحة سيوة)","Clean 2D educational cartoon illustration for a Primary 4 English vocabulary flashcard; portrait 3:4 composition; warm pale-cream background; one focused child-friendly subject or scene; rounded friendly shapes; clean dark navy outlines; soft gentle shadows; bright but balanced colors; no text, English or Arabic letters, numbers, labels, logos, watermark, border, collage, split panel, or extra objects. Target word or phrase: “Siwa Oasis”. Arabic teaching meaning for interpretation only: “واحة سيوة”. Show: a single clear, child-friendly visual that shows the literal meaning of “Siwa Oasis” (واحة سيوة).",To generate
344,7,U5 L3,skilled,ماهر / ذو مهارة,cartoon-344-skilled.png,a skilled carpenter carefully making a small wooden chair,"Clean 2D educational cartoon illustration for a Primary 4 English vocabulary flashcard; portrait 3:4 composition; warm pale-cream background; one focused child-friendly subject or scene; rounded friendly shapes; clean dark navy outlines; soft gentle shadows; bright but balanced colors; no text, English or Arabic letters, numbers, labels, logos, watermark, border, collage, split panel, or extra objects. Target word or phrase: “skilled”. Arabic teaching meaning for interpretation only: “ماهر / ذو مهارة”. Show: a skilled carpenter carefully making a small wooden chair.",To generate
345,7,U1 L2,sleep,ينام,cartoon-345-sleep.png,"a single clear, child-friendly visual that shows the literal meaning of “sleep” (ينام)","Clean 2D educational cartoon illustration for a Primary 4 English vocabulary flashcard; portrait 3:4 composition; warm pale-cream background; one focused child-friendly subject or scene; rounded friendly shapes; clean dark navy outlines; soft gentle shadows; bright but balanced colors; no text, English or Arabic letters, numbers, labels, logos, watermark, border, collage, split panel, or extra objects. Target word or phrase: “sleep”. Arabic teaching meaning for interpretation only: “ينام”. Show: a single clear, child-friendly visual that shows the literal meaning of “sleep” (ينام).",To generate
346,7,U1 L2,slept,ينام,cartoon-346-slept.png,a child sleeping peacefully in bed with a moon outside,"Clean 2D educational cartoon illustration for a Primary 4 English vocabulary flashcard; portrait 3:4 composition; warm pale-cream background; one focused child-friendly subject or scene; rounded friendly shapes; clean dark navy outlines; soft gentle shadows; bright but balanced colors; no text, English or Arabic letters, numbers, labels, logos, watermark, border, collage, split panel, or extra objects. Target word or phrase: “slept”. Arabic teaching meaning for interpretation only: “ينام”. Show: a child sleeping peacefully in bed with a moon outside.",To generate
347,7,U5 L2,smart,ذكي,cartoon-347-smart.png,a smart child solving a simple wooden puzzle,"Clean 2D educational cartoon illustration for a Primary 4 English vocabulary flashcard; portrait 3:4 composition; warm pale-cream background; one focused child-friendly subject or scene; rounded friendly shapes; clean dark navy outlines; soft gentle shadows; bright but balanced colors; no text, English or Arabic letters, numbers, labels, logos, watermark, border, collage, split panel, or extra objects. Target word or phrase: “smart”. Arabic teaching meaning for interpretation only: “ذكي”. Show: a smart child solving a simple wooden puzzle.",To generate
348,7,U1 L1,smell,حاسة الشم,cartoon-348-smell.png,"a single clear, child-friendly visual that shows the literal meaning of “smell” (حاسة الشم)","Clean 2D educational cartoon illustration for a Primary 4 English vocabulary flashcard; portrait 3:4 composition; warm pale-cream background; one focused child-friendly subject or scene; rounded friendly shapes; clean dark navy outlines; soft gentle shadows; bright but balanced colors; no text, English or Arabic letters, numbers, labels, logos, watermark, border, collage, split panel, or extra objects. Target word or phrase: “smell”. Arabic teaching meaning for interpretation only: “حاسة الشم”. Show: a single clear, child-friendly visual that shows the literal meaning of “smell” (حاسة الشم).",To generate
349,7,U5 L2,smile,ابتسامة,cartoon-349-smile.png,"a single clear, child-friendly visual that shows the literal meaning of “smile” (ابتسامة)","Clean 2D educational cartoon illustration for a Primary 4 English vocabulary flashcard; portrait 3:4 composition; warm pale-cream background; one focused child-friendly subject or scene; rounded friendly shapes; clean dark navy outlines; soft gentle shadows; bright but balanced colors; no text, English or Arabic letters, numbers, labels, logos, watermark, border, collage, split panel, or extra objects. Target word or phrase: “smile”. Arabic teaching meaning for interpretation only: “ابتسامة”. Show: a single clear, child-friendly visual that shows the literal meaning of “smile” (ابتسامة).",To generate
350,7,U1 L1,smoke,دخان,cartoon-350-smoke.png,"a single clear, child-friendly visual that shows the literal meaning of “smoke” (دخان)","Clean 2D educational cartoon illustration for a Primary 4 English vocabulary flashcard; portrait 3:4 composition; warm pale-cream background; one focused child-friendly subject or scene; rounded friendly shapes; clean dark navy outlines; soft gentle shadows; bright but balanced colors; no text, English or Arabic letters, numbers, labels, logos, watermark, border, collage, split panel, or extra objects. Target word or phrase: “smoke”. Arabic teaching meaning for interpretation only: “دخان”. Show: a single clear, child-friendly visual that shows the literal meaning of “smoke” (دخان).",To generate
351,7,U1 L4&5,snack,وجبة خفيفة,cartoon-351-snack.png,"a single clear, child-friendly visual that shows the literal meaning of “snack” (وجبة خفيفة)","Clean 2D educational cartoon illustration for a Primary 4 English vocabulary flashcard; portrait 3:4 composition; warm pale-cream background; one focused child-friendly subject or scene; rounded friendly shapes; clean dark navy outlines; soft gentle shadows; bright but balanced colors; no text, English or Arabic letters, numbers, labels, logos, watermark, border, collage, split panel, or extra objects. Target word or phrase: “snack”. Arabic teaching meaning for interpretation only: “وجبة خفيفة”. Show: a single clear, child-friendly visual that shows the literal meaning of “snack” (وجبة خفيفة).",To generate
352,7,U1 L1,soft,ناعم / لين,cartoon-352-soft.png,a child touching a soft fluffy pillow,"Clean 2D educational cartoon illustration for a Primary 4 English vocabulary flashcard; portrait 3:4 composition; warm pale-cream background; one focused child-friendly subject or scene; rounded friendly shapes; clean dark navy outlines; soft gentle shadows; bright but balanced colors; no text, English or Arabic letters, numbers, labels, logos, watermark, border, collage, split panel, or extra objects. Target word or phrase: “soft”. Arabic teaching meaning for interpretation only: “ناعم / لين”. Show: a child touching a soft fluffy pillow.",To generate
353,7,U2 L4&5,sold,يبيع,cartoon-353-sold.png,"a single clear, child-friendly visual that shows the literal meaning of “sold” (يبيع)","Clean 2D educational cartoon illustration for a Primary 4 English vocabulary flashcard; portrait 3:4 composition; warm pale-cream background; one focused child-friendly subject or scene; rounded friendly shapes; clean dark navy outlines; soft gentle shadows; bright but balanced colors; no text, English or Arabic letters, numbers, labels, logos, watermark, border, collage, split panel, or extra objects. Target word or phrase: “sold”. Arabic teaching meaning for interpretation only: “يبيع”. Show: a single clear, child-friendly visual that shows the literal meaning of “sold” (يبيع).",To generate
354,7,U2 L2,solutions,حلول,cartoon-354-solutions.png,children working together to solve a simple classroom problem,"Clean 2D educational cartoon illustration for a Primary 4 English vocabulary flashcard; portrait 3:4 composition; warm pale-cream background; one focused child-friendly subject or scene; rounded friendly shapes; clean dark navy outlines; soft gentle shadows; bright but balanced colors; no text, English or Arabic letters, numbers, labels, logos, watermark, border, collage, split panel, or extra objects. Target word or phrase: “solutions”. Arabic teaching meaning for interpretation only: “حلول”. Show: children working together to solve a simple classroom problem.",To generate
355,7,U2 L2,solve,يحل,cartoon-355-solve.png,a child solving a simple wooden puzzle,"Clean 2D educational cartoon illustration for a Primary 4 English vocabulary flashcard; portrait 3:4 composition; warm pale-cream background; one focused child-friendly subject or scene; rounded friendly shapes; clean dark navy outlines; soft gentle shadows; bright but balanced colors; no text, English or Arabic letters, numbers, labels, logos, watermark, border, collage, split panel, or extra objects. Target word or phrase: “solve”. Arabic teaching meaning for interpretation only: “يحل”. Show: a child solving a simple wooden puzzle.",To generate
356,7,U2 L2,solved,يحل,cartoon-356-solved.png,a child solving a simple wooden puzzle,"Clean 2D educational cartoon illustration for a Primary 4 English vocabulary flashcard; portrait 3:4 composition; warm pale-cream background; one focused child-friendly subject or scene; rounded friendly shapes; clean dark navy outlines; soft gentle shadows; bright but balanced colors; no text, English or Arabic letters, numbers, labels, logos, watermark, border, collage, split panel, or extra objects. Target word or phrase: “solved”. Arabic teaching meaning for interpretation only: “يحل”. Show: a child solving a simple wooden puzzle.",To generate
357,7,U1 L3,soup,حساء (شوربة),cartoon-357-soup.png,"a single clear, child-friendly visual that shows the literal meaning of “soup” (حساء (شوربة))","Clean 2D educational cartoon illustration for a Primary 4 English vocabulary flashcard; portrait 3:4 composition; warm pale-cream background; one focused child-friendly subject or scene; rounded friendly shapes; clean dark navy outlines; soft gentle shadows; bright but balanced colors; no text, English or Arabic letters, numbers, labels, logos, watermark, border, collage, split panel, or extra objects. Target word or phrase: “soup”. Arabic teaching meaning for interpretation only: “حساء (شوربة)”. Show: a single clear, child-friendly visual that shows the literal meaning of “soup” (حساء (شوربة)).",To generate
358,7,U2 L3,south,الجنوب,cartoon-358-south.png,"a single clear, child-friendly visual that shows the literal meaning of “south” (الجنوب)","Clean 2D educational cartoon illustration for a Primary 4 English vocabulary flashcard; portrait 3:4 composition; warm pale-cream background; one focused child-friendly subject or scene; rounded friendly shapes; clean dark navy outlines; soft gentle shadows; bright but balanced colors; no text, English or Arabic letters, numbers, labels, logos, watermark, border, collage, split panel, or extra objects. Target word or phrase: “south”. Arabic teaching meaning for interpretation only: “الجنوب”. Show: a single clear, child-friendly visual that shows the literal meaning of “south” (الجنوب).",To generate
359,7,U4 L4&5,South Sinai,جنوب سيناء,cartoon-359-south-sinai.png,"a single clear, child-friendly visual that shows the literal meaning of “South Sinai” (جنوب سيناء)","Clean 2D educational cartoon illustration for a Primary 4 English vocabulary flashcard; portrait 3:4 composition; warm pale-cream background; one focused child-friendly subject or scene; rounded friendly shapes; clean dark navy outlines; soft gentle shadows; bright but balanced colors; no text, English or Arabic letters, numbers, labels, logos, watermark, border, collage, split panel, or extra objects. Target word or phrase: “South Sinai”. Arabic teaching meaning for interpretation only: “جنوب سيناء”. Show: a single clear, child-friendly visual that shows the literal meaning of “South Sinai” (جنوب سيناء).",To generate
360,7,U3 L2,spaces,مساحات,cartoon-360-spaces.png,"a single clear, child-friendly visual that shows the literal meaning of “spaces” (مساحات)","Clean 2D educational cartoon illustration for a Primary 4 English vocabulary flashcard; portrait 3:4 composition; warm pale-cream background; one focused child-friendly subject or scene; rounded friendly shapes; clean dark navy outlines; soft gentle shadows; bright but balanced colors; no text, English or Arabic letters, numbers, labels, logos, watermark, border, collage, split panel, or extra objects. Target word or phrase: “spaces”. Arabic teaching meaning for interpretation only: “مساحات”. Show: a single clear, child-friendly visual that shows the literal meaning of “spaces” (مساحات).",To generate
361,8,U3 L2,special,خاص/مميز,cartoon-361-special.png,a child holding a special handmade gift,"Clean 2D educational cartoon illustration for a Primary 4 English vocabulary flashcard; portrait 3:4 composition; warm pale-cream background; one focused child-friendly subject or scene; rounded friendly shapes; clean dark navy outlines; soft gentle shadows; bright but balanced colors; no text, English or Arabic letters, numbers, labels, logos, watermark, border, collage, split panel, or extra objects. Target word or phrase: “special”. Arabic teaching meaning for interpretation only: “خاص/مميز”. Show: a child holding a special handmade gift.",To generate
362,8,U3 L4&5,species,فصائل/أنواع,cartoon-362-species.png,"a single clear, child-friendly visual that shows the literal meaning of “species” (فصائل/أنواع)","Clean 2D educational cartoon illustration for a Primary 4 English vocabulary flashcard; portrait 3:4 composition; warm pale-cream background; one focused child-friendly subject or scene; rounded friendly shapes; clean dark navy outlines; soft gentle shadows; bright but balanced colors; no text, English or Arabic letters, numbers, labels, logos, watermark, border, collage, split panel, or extra objects. Target word or phrase: “species”. Arabic teaching meaning for interpretation only: “فصائل/أنواع”. Show: a single clear, child-friendly visual that shows the literal meaning of “species” (فصائل/أنواع).",To generate
363,8,U3 L1,spray,يرش,cartoon-363-spray.png,"a single clear, child-friendly visual that shows the literal meaning of “spray” (يرش)","Clean 2D educational cartoon illustration for a Primary 4 English vocabulary flashcard; portrait 3:4 composition; warm pale-cream background; one focused child-friendly subject or scene; rounded friendly shapes; clean dark navy outlines; soft gentle shadows; bright but balanced colors; no text, English or Arabic letters, numbers, labels, logos, watermark, border, collage, split panel, or extra objects. Target word or phrase: “spray”. Arabic teaching meaning for interpretation only: “يرش”. Show: a single clear, child-friendly visual that shows the literal meaning of “spray” (يرش).",To generate
364,8,U3 L1,sprayed,يرش,cartoon-364-sprayed.png,"a single clear, child-friendly visual that shows the literal meaning of “sprayed” (يرش)","Clean 2D educational cartoon illustration for a Primary 4 English vocabulary flashcard; portrait 3:4 composition; warm pale-cream background; one focused child-friendly subject or scene; rounded friendly shapes; clean dark navy outlines; soft gentle shadows; bright but balanced colors; no text, English or Arabic letters, numbers, labels, logos, watermark, border, collage, split panel, or extra objects. Target word or phrase: “sprayed”. Arabic teaching meaning for interpretation only: “يرش”. Show: a single clear, child-friendly visual that shows the literal meaning of “sprayed” (يرش).",To generate
365,8,U2 L3,Spring Festival,مهرجان الربيع,cartoon-365-spring-festival.png,"a single clear, child-friendly visual that shows the literal meaning of “Spring Festival” (مهرجان الربيع)","Clean 2D educational cartoon illustration for a Primary 4 English vocabulary flashcard; portrait 3:4 composition; warm pale-cream background; one focused child-friendly subject or scene; rounded friendly shapes; clean dark navy outlines; soft gentle shadows; bright but balanced colors; no text, English or Arabic letters, numbers, labels, logos, watermark, border, collage, split panel, or extra objects. Target word or phrase: “Spring Festival”. Arabic teaching meaning for interpretation only: “مهرجان الربيع”. Show: a single clear, child-friendly visual that shows the literal meaning of “Spring Festival” (مهرجان الربيع).",To generate
366,8,U4 L4&5,St. Catherine Mountain,جبل سانت كاترين,cartoon-366-st-catherine-mountain.png,"a single clear, child-friendly visual that shows the literal meaning of “St. Catherine Mountain” (جبل سانت كاترين)","Clean 2D educational cartoon illustration for a Primary 4 English vocabulary flashcard; portrait 3:4 composition; warm pale-cream background; one focused child-friendly subject or scene; rounded friendly shapes; clean dark navy outlines; soft gentle shadows; bright but balanced colors; no text, English or Arabic letters, numbers, labels, logos, watermark, border, collage, split panel, or extra objects. Target word or phrase: “St. Catherine Mountain”. Arabic teaching meaning for interpretation only: “جبل سانت كاترين”. Show: a single clear, child-friendly visual that shows the literal meaning of “St. Catherine Mountain” (جبل سانت كاترين).",To generate
367,8,U2 L4&5,stalls,أكشاك,cartoon-367-stalls.png,"a single clear, child-friendly visual that shows the literal meaning of “stalls” (أكشاك)","Clean 2D educational cartoon illustration for a Primary 4 English vocabulary flashcard; portrait 3:4 composition; warm pale-cream background; one focused child-friendly subject or scene; rounded friendly shapes; clean dark navy outlines; soft gentle shadows; bright but balanced colors; no text, English or Arabic letters, numbers, labels, logos, watermark, border, collage, split panel, or extra objects. Target word or phrase: “stalls”. Arabic teaching meaning for interpretation only: “أكشاك”. Show: a single clear, child-friendly visual that shows the literal meaning of “stalls” (أكشاك).",To generate
368,8,U3 L3,stand,يقف,cartoon-368-stand.png,"a single clear, child-friendly visual that shows the literal meaning of “stand” (يقف)","Clean 2D educational cartoon illustration for a Primary 4 English vocabulary flashcard; portrait 3:4 composition; warm pale-cream background; one focused child-friendly subject or scene; rounded friendly shapes; clean dark navy outlines; soft gentle shadows; bright but balanced colors; no text, English or Arabic letters, numbers, labels, logos, watermark, border, collage, split panel, or extra objects. Target word or phrase: “stand”. Arabic teaching meaning for interpretation only: “يقف”. Show: a single clear, child-friendly visual that shows the literal meaning of “stand” (يقف).",To generate
369,8,U1 L1,stay safe,يبقى آمنًا,cartoon-369-stay-safe.png,children following safe rules near a road with an adult,"Clean 2D educational cartoon illustration for a Primary 4 English vocabulary flashcard; portrait 3:4 composition; warm pale-cream background; one focused child-friendly subject or scene; rounded friendly shapes; clean dark navy outlines; soft gentle shadows; bright but balanced colors; no text, English or Arabic letters, numbers, labels, logos, watermark, border, collage, split panel, or extra objects. Target word or phrase: “stay safe”. Arabic teaching meaning for interpretation only: “يبقى آمنًا”. Show: children following safe rules near a road with an adult.",To generate
370,8,U1 L2,stay sharp,يكون يقظًا / منتبهًا,cartoon-370-stay-sharp.png,a child alert and focused while using a magnifying glass to observe a leaf,"Clean 2D educational cartoon illustration for a Primary 4 English vocabulary flashcard; portrait 3:4 composition; warm pale-cream background; one focused child-friendly subject or scene; rounded friendly shapes; clean dark navy outlines; soft gentle shadows; bright but balanced colors; no text, English or Arabic letters, numbers, labels, logos, watermark, border, collage, split panel, or extra objects. Target word or phrase: “stay sharp”. Arabic teaching meaning for interpretation only: “يكون يقظًا / منتبهًا”. Show: a child alert and focused while using a magnifying glass to observe a leaf.",To generate
371,8,U2 L4&5,still stand,ما زالت قائمة,cartoon-371-still-stand.png,an old stone building that is still standing strongly,"Clean 2D educational cartoon illustration for a Primary 4 English vocabulary flashcard; portrait 3:4 composition; warm pale-cream background; one focused child-friendly subject or scene; rounded friendly shapes; clean dark navy outlines; soft gentle shadows; bright but balanced colors; no text, English or Arabic letters, numbers, labels, logos, watermark, border, collage, split panel, or extra objects. Target word or phrase: “still stand”. Arabic teaching meaning for interpretation only: “ما زالت قائمة”. Show: an old stone building that is still standing strongly.",To generate
372,8,U4 L1,stones,الأحجار,cartoon-372-stones.png,"a single clear, child-friendly visual that shows the literal meaning of “stones” (الأحجار)","Clean 2D educational cartoon illustration for a Primary 4 English vocabulary flashcard; portrait 3:4 composition; warm pale-cream background; one focused child-friendly subject or scene; rounded friendly shapes; clean dark navy outlines; soft gentle shadows; bright but balanced colors; no text, English or Arabic letters, numbers, labels, logos, watermark, border, collage, split panel, or extra objects. Target word or phrase: “stones”. Arabic teaching meaning for interpretation only: “الأحجار”. Show: a single clear, child-friendly visual that shows the literal meaning of “stones” (الأحجار).",To generate
373,8,U3 L3,stood,يقف,cartoon-373-stood.png,"a single clear, child-friendly visual that shows the literal meaning of “stood” (يقف)","Clean 2D educational cartoon illustration for a Primary 4 English vocabulary flashcard; portrait 3:4 composition; warm pale-cream background; one focused child-friendly subject or scene; rounded friendly shapes; clean dark navy outlines; soft gentle shadows; bright but balanced colors; no text, English or Arabic letters, numbers, labels, logos, watermark, border, collage, split panel, or extra objects. Target word or phrase: “stood”. Arabic teaching meaning for interpretation only: “يقف”. Show: a single clear, child-friendly visual that shows the literal meaning of “stood” (يقف).",To generate
374,8,U4 L2,stores,متاجر,cartoon-374-stores.png,"a single clear, child-friendly visual that shows the literal meaning of “stores” (متاجر)","Clean 2D educational cartoon illustration for a Primary 4 English vocabulary flashcard; portrait 3:4 composition; warm pale-cream background; one focused child-friendly subject or scene; rounded friendly shapes; clean dark navy outlines; soft gentle shadows; bright but balanced colors; no text, English or Arabic letters, numbers, labels, logos, watermark, border, collage, split panel, or extra objects. Target word or phrase: “stores”. Arabic teaching meaning for interpretation only: “متاجر”. Show: a single clear, child-friendly visual that shows the literal meaning of “stores” (متاجر).",To generate
375,8,U2 L1,street,شارع,cartoon-375-street.png,"a single clear, child-friendly visual that shows the literal meaning of “street” (شارع)","Clean 2D educational cartoon illustration for a Primary 4 English vocabulary flashcard; portrait 3:4 composition; warm pale-cream background; one focused child-friendly subject or scene; rounded friendly shapes; clean dark navy outlines; soft gentle shadows; bright but balanced colors; no text, English or Arabic letters, numbers, labels, logos, watermark, border, collage, split panel, or extra objects. Target word or phrase: “street”. Arabic teaching meaning for interpretation only: “شارع”. Show: a single clear, child-friendly visual that shows the literal meaning of “street” (شارع).",To generate
376,8,U5 L4&5,stripes,خطوط (عريضة),cartoon-376-stripes.png,"a single clear, child-friendly visual that shows the literal meaning of “stripes” (خطوط (عريضة))","Clean 2D educational cartoon illustration for a Primary 4 English vocabulary flashcard; portrait 3:4 composition; warm pale-cream background; one focused child-friendly subject or scene; rounded friendly shapes; clean dark navy outlines; soft gentle shadows; bright but balanced colors; no text, English or Arabic letters, numbers, labels, logos, watermark, border, collage, split panel, or extra objects. Target word or phrase: “stripes”. Arabic teaching meaning for interpretation only: “خطوط (عريضة)”. Show: a single clear, child-friendly visual that shows the literal meaning of “stripes” (خطوط (عريضة)).",To generate
377,8,U1 L2,strong,قوي,cartoon-377-strong.png,a strong child carrying a light school bag confidently,"Clean 2D educational cartoon illustration for a Primary 4 English vocabulary flashcard; portrait 3:4 composition; warm pale-cream background; one focused child-friendly subject or scene; rounded friendly shapes; clean dark navy outlines; soft gentle shadows; bright but balanced colors; no text, English or Arabic letters, numbers, labels, logos, watermark, border, collage, split panel, or extra objects. Target word or phrase: “strong”. Arabic teaching meaning for interpretation only: “قوي”. Show: a strong child carrying a light school bag confidently.",To generate
378,8,U4 L2,students,طلاب,cartoon-378-students.png,"a single clear, child-friendly visual that shows the literal meaning of “students” (طلاب)","Clean 2D educational cartoon illustration for a Primary 4 English vocabulary flashcard; portrait 3:4 composition; warm pale-cream background; one focused child-friendly subject or scene; rounded friendly shapes; clean dark navy outlines; soft gentle shadows; bright but balanced colors; no text, English or Arabic letters, numbers, labels, logos, watermark, border, collage, split panel, or extra objects. Target word or phrase: “students”. Arabic teaching meaning for interpretation only: “طلاب”. Show: a single clear, child-friendly visual that shows the literal meaning of “students” (طلاب).",To generate
379,8,U1 L4&5,studied,يدرس,cartoon-379-studied.png,a child studying with books and a lamp at a desk,"Clean 2D educational cartoon illustration for a Primary 4 English vocabulary flashcard; portrait 3:4 composition; warm pale-cream background; one focused child-friendly subject or scene; rounded friendly shapes; clean dark navy outlines; soft gentle shadows; bright but balanced colors; no text, English or Arabic letters, numbers, labels, logos, watermark, border, collage, split panel, or extra objects. Target word or phrase: “studied”. Arabic teaching meaning for interpretation only: “يدرس”. Show: a child studying with books and a lamp at a desk.",To generate
380,8,U1 L4&5,study,يدرس,cartoon-380-study.png,a child studying with books and a lamp at a desk,"Clean 2D educational cartoon illustration for a Primary 4 English vocabulary flashcard; portrait 3:4 composition; warm pale-cream background; one focused child-friendly subject or scene; rounded friendly shapes; clean dark navy outlines; soft gentle shadows; bright but balanced colors; no text, English or Arabic letters, numbers, labels, logos, watermark, border, collage, split panel, or extra objects. Target word or phrase: “study”. Arabic teaching meaning for interpretation only: “يدرس”. Show: a child studying with books and a lamp at a desk.",To generate
381,8,U2 L3,stylish,أنيق,cartoon-381-stylish.png,a child wearing a stylish colourful outfit,"Clean 2D educational cartoon illustration for a Primary 4 English vocabulary flashcard; portrait 3:4 composition; warm pale-cream background; one focused child-friendly subject or scene; rounded friendly shapes; clean dark navy outlines; soft gentle shadows; bright but balanced colors; no text, English or Arabic letters, numbers, labels, logos, watermark, border, collage, split panel, or extra objects. Target word or phrase: “stylish”. Arabic teaching meaning for interpretation only: “أنيق”. Show: a child wearing a stylish colourful outfit.",To generate
382,8,U1 L3,suddenly,فجأة,cartoon-382-suddenly.png,a child suddenly surprised by a butterfly flying nearby,"Clean 2D educational cartoon illustration for a Primary 4 English vocabulary flashcard; portrait 3:4 composition; warm pale-cream background; one focused child-friendly subject or scene; rounded friendly shapes; clean dark navy outlines; soft gentle shadows; bright but balanced colors; no text, English or Arabic letters, numbers, labels, logos, watermark, border, collage, split panel, or extra objects. Target word or phrase: “suddenly”. Arabic teaching meaning for interpretation only: “فجأة”. Show: a child suddenly surprised by a butterfly flying nearby.",To generate
383,8,U2 L3,sugar cane,قصب السكر,cartoon-383-sugar-cane.png,"a single clear, child-friendly visual that shows the literal meaning of “sugar cane” (قصب السكر)","Clean 2D educational cartoon illustration for a Primary 4 English vocabulary flashcard; portrait 3:4 composition; warm pale-cream background; one focused child-friendly subject or scene; rounded friendly shapes; clean dark navy outlines; soft gentle shadows; bright but balanced colors; no text, English or Arabic letters, numbers, labels, logos, watermark, border, collage, split panel, or extra objects. Target word or phrase: “sugar cane”. Arabic teaching meaning for interpretation only: “قصب السكر”. Show: a single clear, child-friendly visual that shows the literal meaning of “sugar cane” (قصب السكر).",To generate
384,8,U2 L4&5,supermarket,متجر,cartoon-384-supermarket.png,"a single clear, child-friendly visual that shows the literal meaning of “supermarket” (متجر)","Clean 2D educational cartoon illustration for a Primary 4 English vocabulary flashcard; portrait 3:4 composition; warm pale-cream background; one focused child-friendly subject or scene; rounded friendly shapes; clean dark navy outlines; soft gentle shadows; bright but balanced colors; no text, English or Arabic letters, numbers, labels, logos, watermark, border, collage, split panel, or extra objects. Target word or phrase: “supermarket”. Arabic teaching meaning for interpretation only: “متجر”. Show: a single clear, child-friendly visual that shows the literal meaning of “supermarket” (متجر).",To generate
385,8,U3 L3,surface,سطح,cartoon-385-surface.png,"a single clear, child-friendly visual that shows the literal meaning of “surface” (سطح)","Clean 2D educational cartoon illustration for a Primary 4 English vocabulary flashcard; portrait 3:4 composition; warm pale-cream background; one focused child-friendly subject or scene; rounded friendly shapes; clean dark navy outlines; soft gentle shadows; bright but balanced colors; no text, English or Arabic letters, numbers, labels, logos, watermark, border, collage, split panel, or extra objects. Target word or phrase: “surface”. Arabic teaching meaning for interpretation only: “سطح”. Show: a single clear, child-friendly visual that shows the literal meaning of “surface” (سطح).",To generate
386,8,U1 L2,sweets,حلوى,cartoon-386-sweets.png,"a single clear, child-friendly visual that shows the literal meaning of “sweets” (حلوى)","Clean 2D educational cartoon illustration for a Primary 4 English vocabulary flashcard; portrait 3:4 composition; warm pale-cream background; one focused child-friendly subject or scene; rounded friendly shapes; clean dark navy outlines; soft gentle shadows; bright but balanced colors; no text, English or Arabic letters, numbers, labels, logos, watermark, border, collage, split panel, or extra objects. Target word or phrase: “sweets”. Arabic teaching meaning for interpretation only: “حلوى”. Show: a single clear, child-friendly visual that shows the literal meaning of “sweets” (حلوى).",To generate
387,8,U3 L1,tail,ذيل,cartoon-387-tail.png,"a single clear, child-friendly visual that shows the literal meaning of “tail” (ذيل)","Clean 2D educational cartoon illustration for a Primary 4 English vocabulary flashcard; portrait 3:4 composition; warm pale-cream background; one focused child-friendly subject or scene; rounded friendly shapes; clean dark navy outlines; soft gentle shadows; bright but balanced colors; no text, English or Arabic letters, numbers, labels, logos, watermark, border, collage, split panel, or extra objects. Target word or phrase: “tail”. Arabic teaching meaning for interpretation only: “ذيل”. Show: a single clear, child-friendly visual that shows the literal meaning of “tail” (ذيل).",To generate
388,8,U1 L2,take,يأخذ,cartoon-388-take.png,"a single clear, child-friendly visual that shows the literal meaning of “take” (يأخذ)","Clean 2D educational cartoon illustration for a Primary 4 English vocabulary flashcard; portrait 3:4 composition; warm pale-cream background; one focused child-friendly subject or scene; rounded friendly shapes; clean dark navy outlines; soft gentle shadows; bright but balanced colors; no text, English or Arabic letters, numbers, labels, logos, watermark, border, collage, split panel, or extra objects. Target word or phrase: “take”. Arabic teaching meaning for interpretation only: “يأخذ”. Show: a single clear, child-friendly visual that shows the literal meaning of “take” (يأخذ).",To generate
389,8,U1 L2,take a shower,يستحم,cartoon-389-take-a-shower.png,"a child taking a shower, shown respectfully from behind with a towel nearby","Clean 2D educational cartoon illustration for a Primary 4 English vocabulary flashcard; portrait 3:4 composition; warm pale-cream background; one focused child-friendly subject or scene; rounded friendly shapes; clean dark navy outlines; soft gentle shadows; bright but balanced colors; no text, English or Arabic letters, numbers, labels, logos, watermark, border, collage, split panel, or extra objects. Target word or phrase: “take a shower”. Arabic teaching meaning for interpretation only: “يستحم”. Show: a child taking a shower, shown respectfully from behind with a towel nearby.",To generate
390,8,U1 L3,take out .... from,يخرج ... من,cartoon-390-take-out-from.png,a child taking a book out from a school bag,"Clean 2D educational cartoon illustration for a Primary 4 English vocabulary flashcard; portrait 3:4 composition; warm pale-cream background; one focused child-friendly subject or scene; rounded friendly shapes; clean dark navy outlines; soft gentle shadows; bright but balanced colors; no text, English or Arabic letters, numbers, labels, logos, watermark, border, collage, split panel, or extra objects. Target word or phrase: “take out .... from”. Arabic teaching meaning for interpretation only: “يخرج ... من”. Show: a child taking a book out from a school bag.",To generate
391,8,U2 L2,take the bus,يستقل الأتوبيس,cartoon-391-take-the-bus.png,a child getting on a yellow school bus safely,"Clean 2D educational cartoon illustration for a Primary 4 English vocabulary flashcard; portrait 3:4 composition; warm pale-cream background; one focused child-friendly subject or scene; rounded friendly shapes; clean dark navy outlines; soft gentle shadows; bright but balanced colors; no text, English or Arabic letters, numbers, labels, logos, watermark, border, collage, split panel, or extra objects. Target word or phrase: “take the bus”. Arabic teaching meaning for interpretation only: “يستقل الأتوبيس”. Show: a child getting on a yellow school bus safely.",To generate
392,8,U1 L1,talk about,يتحدث عن,cartoon-392-talk-about.png,two children talking about a picture book together,"Clean 2D educational cartoon illustration for a Primary 4 English vocabulary flashcard; portrait 3:4 composition; warm pale-cream background; one focused child-friendly subject or scene; rounded friendly shapes; clean dark navy outlines; soft gentle shadows; bright but balanced colors; no text, English or Arabic letters, numbers, labels, logos, watermark, border, collage, split panel, or extra objects. Target word or phrase: “talk about”. Arabic teaching meaning for interpretation only: “يتحدث عن”. Show: two children talking about a picture book together.",To generate
393,8,U1 L1,taste,حاسة التذوق,cartoon-393-taste.png,"a single clear, child-friendly visual that shows the literal meaning of “taste” (حاسة التذوق)","Clean 2D educational cartoon illustration for a Primary 4 English vocabulary flashcard; portrait 3:4 composition; warm pale-cream background; one focused child-friendly subject or scene; rounded friendly shapes; clean dark navy outlines; soft gentle shadows; bright but balanced colors; no text, English or Arabic letters, numbers, labels, logos, watermark, border, collage, split panel, or extra objects. Target word or phrase: “taste”. Arabic teaching meaning for interpretation only: “حاسة التذوق”. Show: a single clear, child-friendly visual that shows the literal meaning of “taste” (حاسة التذوق).",To generate
394,8,U1 L3,taste better,مذاقه أفضل,cartoon-394-taste-better.png,a child smiling after adding a healthy topping to a sandwich,"Clean 2D educational cartoon illustration for a Primary 4 English vocabulary flashcard; portrait 3:4 composition; warm pale-cream background; one focused child-friendly subject or scene; rounded friendly shapes; clean dark navy outlines; soft gentle shadows; bright but balanced colors; no text, English or Arabic letters, numbers, labels, logos, watermark, border, collage, split panel, or extra objects. Target word or phrase: “taste better”. Arabic teaching meaning for interpretation only: “مذاقه أفضل”. Show: a child smiling after adding a healthy topping to a sandwich.",To generate
395,8,U1 L1,tasted,يتذوق,cartoon-395-tasted.png,"a single clear, child-friendly visual that shows the literal meaning of “tasted” (يتذوق)","Clean 2D educational cartoon illustration for a Primary 4 English vocabulary flashcard; portrait 3:4 composition; warm pale-cream background; one focused child-friendly subject or scene; rounded friendly shapes; clean dark navy outlines; soft gentle shadows; bright but balanced colors; no text, English or Arabic letters, numbers, labels, logos, watermark, border, collage, split panel, or extra objects. Target word or phrase: “tasted”. Arabic teaching meaning for interpretation only: “يتذوق”. Show: a single clear, child-friendly visual that shows the literal meaning of “tasted” (يتذوق).",To generate
396,8,U4 L2,teacher,معلم / معلمة,cartoon-396-teacher.png,"a single clear, child-friendly visual that shows the literal meaning of “teacher” (معلم / معلمة)","Clean 2D educational cartoon illustration for a Primary 4 English vocabulary flashcard; portrait 3:4 composition; warm pale-cream background; one focused child-friendly subject or scene; rounded friendly shapes; clean dark navy outlines; soft gentle shadows; bright but balanced colors; no text, English or Arabic letters, numbers, labels, logos, watermark, border, collage, split panel, or extra objects. Target word or phrase: “teacher”. Arabic teaching meaning for interpretation only: “معلم / معلمة”. Show: a single clear, child-friendly visual that shows the literal meaning of “teacher” (معلم / معلمة).",To generate
397,8,U1 L4&5,tell,يخبر,cartoon-397-tell.png,"a single clear, child-friendly visual that shows the literal meaning of “tell” (يخبر)","Clean 2D educational cartoon illustration for a Primary 4 English vocabulary flashcard; portrait 3:4 composition; warm pale-cream background; one focused child-friendly subject or scene; rounded friendly shapes; clean dark navy outlines; soft gentle shadows; bright but balanced colors; no text, English or Arabic letters, numbers, labels, logos, watermark, border, collage, split panel, or extra objects. Target word or phrase: “tell”. Arabic teaching meaning for interpretation only: “يخبر”. Show: a single clear, child-friendly visual that shows the literal meaning of “tell” (يخبر).",To generate
398,8,U2 L3,tell stories,يحكي قصصًا,cartoon-398-tell-stories.png,"a single clear, child-friendly visual that shows the literal meaning of “tell stories” (يحكي قصصًا)","Clean 2D educational cartoon illustration for a Primary 4 English vocabulary flashcard; portrait 3:4 composition; warm pale-cream background; one focused child-friendly subject or scene; rounded friendly shapes; clean dark navy outlines; soft gentle shadows; bright but balanced colors; no text, English or Arabic letters, numbers, labels, logos, watermark, border, collage, split panel, or extra objects. Target word or phrase: “tell stories”. Arabic teaching meaning for interpretation only: “يحكي قصصًا”. Show: a single clear, child-friendly visual that shows the literal meaning of “tell stories” (يحكي قصصًا).",To generate
399,8,U6 LStory,terrible,فظيع / بالأسى,cartoon-399-terrible.png,"a child looking worried about terrible rain outside a window, shown safely","Clean 2D educational cartoon illustration for a Primary 4 English vocabulary flashcard; portrait 3:4 composition; warm pale-cream background; one focused child-friendly subject or scene; rounded friendly shapes; clean dark navy outlines; soft gentle shadows; bright but balanced colors; no text, English or Arabic letters, numbers, labels, logos, watermark, border, collage, split panel, or extra objects. Target word or phrase: “terrible”. Arabic teaching meaning for interpretation only: “فظيع / بالأسى”. Show: a child looking worried about terrible rain outside a window, shown safely.",To generate
400,8,U2 L1,That's cool!,هذا رائع!,cartoon-400-that-s-cool.png,"two children looking excited at a cool science model, with no words","Clean 2D educational cartoon illustration for a Primary 4 English vocabulary flashcard; portrait 3:4 composition; warm pale-cream background; one focused child-friendly subject or scene; rounded friendly shapes; clean dark navy outlines; soft gentle shadows; bright but balanced colors; no text, English or Arabic letters, numbers, labels, logos, watermark, border, collage, split panel, or extra objects. Target word or phrase: “That's cool!”. Arabic teaching meaning for interpretation only: “هذا رائع!”. Show: two children looking excited at a cool science model, with no words.",To generate
401,8,U3 L4&5,the Arabian Leopard,الفهد العربي,cartoon-401-the-arabian-leopard.png,"a single clear, child-friendly visual that shows the literal meaning of “the Arabian Leopard” (الفهد العربي)","Clean 2D educational cartoon illustration for a Primary 4 English vocabulary flashcard; portrait 3:4 composition; warm pale-cream background; one focused child-friendly subject or scene; rounded friendly shapes; clean dark navy outlines; soft gentle shadows; bright but balanced colors; no text, English or Arabic letters, numbers, labels, logos, watermark, border, collage, split panel, or extra objects. Target word or phrase: “the Arabian Leopard”. Arabic teaching meaning for interpretation only: “الفهد العربي”. Show: a single clear, child-friendly visual that shows the literal meaning of “the Arabian Leopard” (الفهد العربي).",To generate
402,8,U2 L3,the Delta,دلتا النيل,cartoon-402-the-delta.png,"a single clear, child-friendly visual that shows the literal meaning of “the Delta” (دلتا النيل)","Clean 2D educational cartoon illustration for a Primary 4 English vocabulary flashcard; portrait 3:4 composition; warm pale-cream background; one focused child-friendly subject or scene; rounded friendly shapes; clean dark navy outlines; soft gentle shadows; bright but balanced colors; no text, English or Arabic letters, numbers, labels, logos, watermark, border, collage, split panel, or extra objects. Target word or phrase: “the Delta”. Arabic teaching meaning for interpretation only: “دلتا النيل”. Show: a single clear, child-friendly visual that shows the literal meaning of “the Delta” (دلتا النيل).",To generate
403,8,U3 L1,the king of the jungle land,ملك الغابة,cartoon-403-the-king-of-the-jungle-land.png,a proud lion standing in a sunny grassland,"Clean 2D educational cartoon illustration for a Primary 4 English vocabulary flashcard; portrait 3:4 composition; warm pale-cream background; one focused child-friendly subject or scene; rounded friendly shapes; clean dark navy outlines; soft gentle shadows; bright but balanced colors; no text, English or Arabic letters, numbers, labels, logos, watermark, border, collage, split panel, or extra objects. Target word or phrase: “the king of the jungle land”. Arabic teaching meaning for interpretation only: “ملك الغابة”. Show: a proud lion standing in a sunny grassland.",To generate
404,8,U3 L4&5,the Middle East,الشرق الأوسط,cartoon-404-the-middle-east.png,"a single clear, child-friendly visual that shows the literal meaning of “the Middle East” (الشرق الأوسط)","Clean 2D educational cartoon illustration for a Primary 4 English vocabulary flashcard; portrait 3:4 composition; warm pale-cream background; one focused child-friendly subject or scene; rounded friendly shapes; clean dark navy outlines; soft gentle shadows; bright but balanced colors; no text, English or Arabic letters, numbers, labels, logos, watermark, border, collage, split panel, or extra objects. Target word or phrase: “the Middle East”. Arabic teaching meaning for interpretation only: “الشرق الأوسط”. Show: a single clear, child-friendly visual that shows the literal meaning of “the Middle East” (الشرق الأوسط).",To generate
405,8,U3 L4&5,the Red Sea Dugong,أطوم البحر الأحمر,cartoon-405-the-red-sea-dugong.png,"a single clear, child-friendly visual that shows the literal meaning of “the Red Sea Dugong” (أطوم البحر الأحمر)","Clean 2D educational cartoon illustration for a Primary 4 English vocabulary flashcard; portrait 3:4 composition; warm pale-cream background; one focused child-friendly subject or scene; rounded friendly shapes; clean dark navy outlines; soft gentle shadows; bright but balanced colors; no text, English or Arabic letters, numbers, labels, logos, watermark, border, collage, split panel, or extra objects. Target word or phrase: “the Red Sea Dugong”. Arabic teaching meaning for interpretation only: “أطوم البحر الأحمر”. Show: a single clear, child-friendly visual that shows the literal meaning of “the Red Sea Dugong” (أطوم البحر الأحمر).",To generate
406,8,U5 L4&5,thick,سميك,cartoon-406-thick.png,a thick book beside a thin book,"Clean 2D educational cartoon illustration for a Primary 4 English vocabulary flashcard; portrait 3:4 composition; warm pale-cream background; one focused child-friendly subject or scene; rounded friendly shapes; clean dark navy outlines; soft gentle shadows; bright but balanced colors; no text, English or Arabic letters, numbers, labels, logos, watermark, border, collage, split panel, or extra objects. Target word or phrase: “thick”. Arabic teaching meaning for interpretation only: “سميك”. Show: a thick book beside a thin book.",To generate
407,8,U2 L2,threw,يلقي / يرمي,cartoon-407-threw.png,a child throwing a soft ball safely in a playground,"Clean 2D educational cartoon illustration for a Primary 4 English vocabulary flashcard; portrait 3:4 composition; warm pale-cream background; one focused child-friendly subject or scene; rounded friendly shapes; clean dark navy outlines; soft gentle shadows; bright but balanced colors; no text, English or Arabic letters, numbers, labels, logos, watermark, border, collage, split panel, or extra objects. Target word or phrase: “threw”. Arabic teaching meaning for interpretation only: “يلقي / يرمي”. Show: a child throwing a soft ball safely in a playground.",To generate
408,8,U2 L2,throw,يلقي / يرمي,cartoon-408-throw.png,a child throwing a soft ball safely in a playground,"Clean 2D educational cartoon illustration for a Primary 4 English vocabulary flashcard; portrait 3:4 composition; warm pale-cream background; one focused child-friendly subject or scene; rounded friendly shapes; clean dark navy outlines; soft gentle shadows; bright but balanced colors; no text, English or Arabic letters, numbers, labels, logos, watermark, border, collage, split panel, or extra objects. Target word or phrase: “throw”. Arabic teaching meaning for interpretation only: “يلقي / يرمي”. Show: a child throwing a soft ball safely in a playground.",To generate
409,8,U1 L4&5,told,يخبر,cartoon-409-told.png,"a single clear, child-friendly visual that shows the literal meaning of “told” (يخبر)","Clean 2D educational cartoon illustration for a Primary 4 English vocabulary flashcard; portrait 3:4 composition; warm pale-cream background; one focused child-friendly subject or scene; rounded friendly shapes; clean dark navy outlines; soft gentle shadows; bright but balanced colors; no text, English or Arabic letters, numbers, labels, logos, watermark, border, collage, split panel, or extra objects. Target word or phrase: “told”. Arabic teaching meaning for interpretation only: “يخبر”. Show: a single clear, child-friendly visual that shows the literal meaning of “told” (يخبر).",To generate
410,8,U1 L1,tongue,لسان,cartoon-410-tongue.png,"a single clear, child-friendly visual that shows the literal meaning of “tongue” (لسان)","Clean 2D educational cartoon illustration for a Primary 4 English vocabulary flashcard; portrait 3:4 composition; warm pale-cream background; one focused child-friendly subject or scene; rounded friendly shapes; clean dark navy outlines; soft gentle shadows; bright but balanced colors; no text, English or Arabic letters, numbers, labels, logos, watermark, border, collage, split panel, or extra objects. Target word or phrase: “tongue”. Arabic teaching meaning for interpretation only: “لسان”. Show: a single clear, child-friendly visual that shows the literal meaning of “tongue” (لسان).",To generate
411,9,U1 L2,took,يأخذ,cartoon-411-took.png,a child taking a book from a shelf,"Clean 2D educational cartoon illustration for a Primary 4 English vocabulary flashcard; portrait 3:4 composition; warm pale-cream background; one focused child-friendly subject or scene; rounded friendly shapes; clean dark navy outlines; soft gentle shadows; bright but balanced colors; no text, English or Arabic letters, numbers, labels, logos, watermark, border, collage, split panel, or extra objects. Target word or phrase: “took”. Arabic teaching meaning for interpretation only: “يأخذ”. Show: a child taking a book from a shelf.",To generate
412,9,U5 L4&5,tools,أدوات,cartoon-412-tools.png,"a single clear, child-friendly visual that shows the literal meaning of “tools” (أدوات)","Clean 2D educational cartoon illustration for a Primary 4 English vocabulary flashcard; portrait 3:4 composition; warm pale-cream background; one focused child-friendly subject or scene; rounded friendly shapes; clean dark navy outlines; soft gentle shadows; bright but balanced colors; no text, English or Arabic letters, numbers, labels, logos, watermark, border, collage, split panel, or extra objects. Target word or phrase: “tools”. Arabic teaching meaning for interpretation only: “أدوات”. Show: a single clear, child-friendly visual that shows the literal meaning of “tools” (أدوات).",To generate
413,9,U1 L1,touch,حاسة اللمس,cartoon-413-touch.png,"a single clear, child-friendly visual that shows the literal meaning of “touch” (حاسة اللمس)","Clean 2D educational cartoon illustration for a Primary 4 English vocabulary flashcard; portrait 3:4 composition; warm pale-cream background; one focused child-friendly subject or scene; rounded friendly shapes; clean dark navy outlines; soft gentle shadows; bright but balanced colors; no text, English or Arabic letters, numbers, labels, logos, watermark, border, collage, split panel, or extra objects. Target word or phrase: “touch”. Arabic teaching meaning for interpretation only: “حاسة اللمس”. Show: a single clear, child-friendly visual that shows the literal meaning of “touch” (حاسة اللمس).",To generate
414,9,U1 L1,touched,يلمس,cartoon-414-touched.png,"a single clear, child-friendly visual that shows the literal meaning of “touched” (يلمس)","Clean 2D educational cartoon illustration for a Primary 4 English vocabulary flashcard; portrait 3:4 composition; warm pale-cream background; one focused child-friendly subject or scene; rounded friendly shapes; clean dark navy outlines; soft gentle shadows; bright but balanced colors; no text, English or Arabic letters, numbers, labels, logos, watermark, border, collage, split panel, or extra objects. Target word or phrase: “touched”. Arabic teaching meaning for interpretation only: “يلمس”. Show: a single clear, child-friendly visual that shows the literal meaning of “touched” (يلمس).",To generate
415,9,U4 L1,tour guide,مرشد سياحي,cartoon-415-tour-guide.png,"a single clear, child-friendly visual that shows the literal meaning of “tour guide” (مرشد سياحي)","Clean 2D educational cartoon illustration for a Primary 4 English vocabulary flashcard; portrait 3:4 composition; warm pale-cream background; one focused child-friendly subject or scene; rounded friendly shapes; clean dark navy outlines; soft gentle shadows; bright but balanced colors; no text, English or Arabic letters, numbers, labels, logos, watermark, border, collage, split panel, or extra objects. Target word or phrase: “tour guide”. Arabic teaching meaning for interpretation only: “مرشد سياحي”. Show: a single clear, child-friendly visual that shows the literal meaning of “tour guide” (مرشد سياحي).",To generate
416,9,U4 L1,tourists,سياح,cartoon-416-tourists.png,"a single clear, child-friendly visual that shows the literal meaning of “tourists” (سياح)","Clean 2D educational cartoon illustration for a Primary 4 English vocabulary flashcard; portrait 3:4 composition; warm pale-cream background; one focused child-friendly subject or scene; rounded friendly shapes; clean dark navy outlines; soft gentle shadows; bright but balanced colors; no text, English or Arabic letters, numbers, labels, logos, watermark, border, collage, split panel, or extra objects. Target word or phrase: “tourists”. Arabic teaching meaning for interpretation only: “سياح”. Show: a single clear, child-friendly visual that shows the literal meaning of “tourists” (سياح).",To generate
417,9,U2 L3,traditional,تقليدي,cartoon-417-traditional.png,an Egyptian child wearing traditional clothing during a cultural celebration,"Clean 2D educational cartoon illustration for a Primary 4 English vocabulary flashcard; portrait 3:4 composition; warm pale-cream background; one focused child-friendly subject or scene; rounded friendly shapes; clean dark navy outlines; soft gentle shadows; bright but balanced colors; no text, English or Arabic letters, numbers, labels, logos, watermark, border, collage, split panel, or extra objects. Target word or phrase: “traditional”. Arabic teaching meaning for interpretation only: “تقليدي”. Show: an Egyptian child wearing traditional clothing during a cultural celebration.",To generate
418,9,U2 L3,traditions,تقاليد,cartoon-418-traditions.png,an Egyptian family sharing traditional food and music,"Clean 2D educational cartoon illustration for a Primary 4 English vocabulary flashcard; portrait 3:4 composition; warm pale-cream background; one focused child-friendly subject or scene; rounded friendly shapes; clean dark navy outlines; soft gentle shadows; bright but balanced colors; no text, English or Arabic letters, numbers, labels, logos, watermark, border, collage, split panel, or extra objects. Target word or phrase: “traditions”. Arabic teaching meaning for interpretation only: “تقاليد”. Show: an Egyptian family sharing traditional food and music.",To generate
419,9,U2 L2,traffic,حركة مرور,cartoon-419-traffic.png,"a single clear, child-friendly visual that shows the literal meaning of “traffic” (حركة مرور)","Clean 2D educational cartoon illustration for a Primary 4 English vocabulary flashcard; portrait 3:4 composition; warm pale-cream background; one focused child-friendly subject or scene; rounded friendly shapes; clean dark navy outlines; soft gentle shadows; bright but balanced colors; no text, English or Arabic letters, numbers, labels, logos, watermark, border, collage, split panel, or extra objects. Target word or phrase: “traffic”. Arabic teaching meaning for interpretation only: “حركة مرور”. Show: a single clear, child-friendly visual that shows the literal meaning of “traffic” (حركة مرور).",To generate
420,9,U2 L4&5,train station,محطة قطار,cartoon-420-train-station.png,"a single clear, child-friendly visual that shows the literal meaning of “train station” (محطة قطار)","Clean 2D educational cartoon illustration for a Primary 4 English vocabulary flashcard; portrait 3:4 composition; warm pale-cream background; one focused child-friendly subject or scene; rounded friendly shapes; clean dark navy outlines; soft gentle shadows; bright but balanced colors; no text, English or Arabic letters, numbers, labels, logos, watermark, border, collage, split panel, or extra objects. Target word or phrase: “train station”. Arabic teaching meaning for interpretation only: “محطة قطار”. Show: a single clear, child-friendly visual that shows the literal meaning of “train station” (محطة قطار).",To generate
421,9,U2 L1,trash,قمامة,cartoon-421-trash.png,"a single clear, child-friendly visual that shows the literal meaning of “trash” (قمامة)","Clean 2D educational cartoon illustration for a Primary 4 English vocabulary flashcard; portrait 3:4 composition; warm pale-cream background; one focused child-friendly subject or scene; rounded friendly shapes; clean dark navy outlines; soft gentle shadows; bright but balanced colors; no text, English or Arabic letters, numbers, labels, logos, watermark, border, collage, split panel, or extra objects. Target word or phrase: “trash”. Arabic teaching meaning for interpretation only: “قمامة”. Show: a single clear, child-friendly visual that shows the literal meaning of “trash” (قمامة).",To generate
422,9,U4 L1,treasures,كنوز,cartoon-422-treasures.png,"a single clear, child-friendly visual that shows the literal meaning of “treasures” (كنوز)","Clean 2D educational cartoon illustration for a Primary 4 English vocabulary flashcard; portrait 3:4 composition; warm pale-cream background; one focused child-friendly subject or scene; rounded friendly shapes; clean dark navy outlines; soft gentle shadows; bright but balanced colors; no text, English or Arabic letters, numbers, labels, logos, watermark, border, collage, split panel, or extra objects. Target word or phrase: “treasures”. Arabic teaching meaning for interpretation only: “كنوز”. Show: a single clear, child-friendly visual that shows the literal meaning of “treasures” (كنوز).",To generate
423,9,U3 L3,trick,خدعة/يخدع,cartoon-423-trick.png,"a single clear, child-friendly visual that shows the literal meaning of “trick” (خدعة/يخدع)","Clean 2D educational cartoon illustration for a Primary 4 English vocabulary flashcard; portrait 3:4 composition; warm pale-cream background; one focused child-friendly subject or scene; rounded friendly shapes; clean dark navy outlines; soft gentle shadows; bright but balanced colors; no text, English or Arabic letters, numbers, labels, logos, watermark, border, collage, split panel, or extra objects. Target word or phrase: “trick”. Arabic teaching meaning for interpretation only: “خدعة/يخدع”. Show: a single clear, child-friendly visual that shows the literal meaning of “trick” (خدعة/يخدع).",To generate
424,9,U5 L4&5,truck,شاحنة,cartoon-424-truck.png,"a single clear, child-friendly visual that shows the literal meaning of “truck” (شاحنة)","Clean 2D educational cartoon illustration for a Primary 4 English vocabulary flashcard; portrait 3:4 composition; warm pale-cream background; one focused child-friendly subject or scene; rounded friendly shapes; clean dark navy outlines; soft gentle shadows; bright but balanced colors; no text, English or Arabic letters, numbers, labels, logos, watermark, border, collage, split panel, or extra objects. Target word or phrase: “truck”. Arabic teaching meaning for interpretation only: “شاحنة”. Show: a single clear, child-friendly visual that shows the literal meaning of “truck” (شاحنة).",To generate
425,9,U3 L1,trunk,خرطوم الفيل,cartoon-425-trunk.png,"a single clear, child-friendly visual that shows the literal meaning of “trunk” (خرطوم الفيل)","Clean 2D educational cartoon illustration for a Primary 4 English vocabulary flashcard; portrait 3:4 composition; warm pale-cream background; one focused child-friendly subject or scene; rounded friendly shapes; clean dark navy outlines; soft gentle shadows; bright but balanced colors; no text, English or Arabic letters, numbers, labels, logos, watermark, border, collage, split panel, or extra objects. Target word or phrase: “trunk”. Arabic teaching meaning for interpretation only: “خرطوم الفيل”. Show: a single clear, child-friendly visual that shows the literal meaning of “trunk” (خرطوم الفيل).",To generate
426,9,U2 L3,turban,عمامة,cartoon-426-turban.png,"a single clear, child-friendly visual that shows the literal meaning of “turban” (عمامة)","Clean 2D educational cartoon illustration for a Primary 4 English vocabulary flashcard; portrait 3:4 composition; warm pale-cream background; one focused child-friendly subject or scene; rounded friendly shapes; clean dark navy outlines; soft gentle shadows; bright but balanced colors; no text, English or Arabic letters, numbers, labels, logos, watermark, border, collage, split panel, or extra objects. Target word or phrase: “turban”. Arabic teaching meaning for interpretation only: “عمامة”. Show: a single clear, child-friendly visual that shows the literal meaning of “turban” (عمامة).",To generate
427,9,U3 L1,TV program,برنامج تلفزيوني,cartoon-427-tv-program.png,"a single clear, child-friendly visual that shows the literal meaning of “TV program” (برنامج تلفزيوني)","Clean 2D educational cartoon illustration for a Primary 4 English vocabulary flashcard; portrait 3:4 composition; warm pale-cream background; one focused child-friendly subject or scene; rounded friendly shapes; clean dark navy outlines; soft gentle shadows; bright but balanced colors; no text, English or Arabic letters, numbers, labels, logos, watermark, border, collage, split panel, or extra objects. Target word or phrase: “TV program”. Arabic teaching meaning for interpretation only: “برنامج تلفزيوني”. Show: a single clear, child-friendly visual that shows the literal meaning of “TV program” (برنامج تلفزيوني).",To generate
428,9,U1 L1,understand,يفهم,cartoon-428-understand.png,"a single clear, child-friendly visual that shows the literal meaning of “understand” (يفهم)","Clean 2D educational cartoon illustration for a Primary 4 English vocabulary flashcard; portrait 3:4 composition; warm pale-cream background; one focused child-friendly subject or scene; rounded friendly shapes; clean dark navy outlines; soft gentle shadows; bright but balanced colors; no text, English or Arabic letters, numbers, labels, logos, watermark, border, collage, split panel, or extra objects. Target word or phrase: “understand”. Arabic teaching meaning for interpretation only: “يفهم”. Show: a single clear, child-friendly visual that shows the literal meaning of “understand” (يفهم).",To generate
429,9,U1 L1,understood,يفهم,cartoon-429-understood.png,"a single clear, child-friendly visual that shows the literal meaning of “understood” (يفهم)","Clean 2D educational cartoon illustration for a Primary 4 English vocabulary flashcard; portrait 3:4 composition; warm pale-cream background; one focused child-friendly subject or scene; rounded friendly shapes; clean dark navy outlines; soft gentle shadows; bright but balanced colors; no text, English or Arabic letters, numbers, labels, logos, watermark, border, collage, split panel, or extra objects. Target word or phrase: “understood”. Arabic teaching meaning for interpretation only: “يفهم”. Show: a single clear, child-friendly visual that shows the literal meaning of “understood” (يفهم).",To generate
430,9,U5 L1,uniform,زي موحد,cartoon-430-uniform.png,"a single clear, child-friendly visual that shows the literal meaning of “uniform” (زي موحد)","Clean 2D educational cartoon illustration for a Primary 4 English vocabulary flashcard; portrait 3:4 composition; warm pale-cream background; one focused child-friendly subject or scene; rounded friendly shapes; clean dark navy outlines; soft gentle shadows; bright but balanced colors; no text, English or Arabic letters, numbers, labels, logos, watermark, border, collage, split panel, or extra objects. Target word or phrase: “uniform”. Arabic teaching meaning for interpretation only: “زي موحد”. Show: a single clear, child-friendly visual that shows the literal meaning of “uniform” (زي موحد).",To generate
431,9,U6 LStory,unkindness,قسوة,cartoon-431-unkindness.png,a child choosing kindness and comforting a sad friend after unkind behaviour,"Clean 2D educational cartoon illustration for a Primary 4 English vocabulary flashcard; portrait 3:4 composition; warm pale-cream background; one focused child-friendly subject or scene; rounded friendly shapes; clean dark navy outlines; soft gentle shadows; bright but balanced colors; no text, English or Arabic letters, numbers, labels, logos, watermark, border, collage, split panel, or extra objects. Target word or phrase: “unkindness”. Arabic teaching meaning for interpretation only: “قسوة”. Show: a child choosing kindness and comforting a sad friend after unkind behaviour.",To generate
432,9,U2 L3,Upper Egypt,الوجه القبلي,cartoon-432-upper-egypt.png,"a single clear, child-friendly visual that shows the literal meaning of “Upper Egypt” (الوجه القبلي)","Clean 2D educational cartoon illustration for a Primary 4 English vocabulary flashcard; portrait 3:4 composition; warm pale-cream background; one focused child-friendly subject or scene; rounded friendly shapes; clean dark navy outlines; soft gentle shadows; bright but balanced colors; no text, English or Arabic letters, numbers, labels, logos, watermark, border, collage, split panel, or extra objects. Target word or phrase: “Upper Egypt”. Arabic teaching meaning for interpretation only: “الوجه القبلي”. Show: a single clear, child-friendly visual that shows the literal meaning of “Upper Egypt” (الوجه القبلي).",To generate
433,9,U1 L1,use,يستخدم,cartoon-433-use.png,"a single clear, child-friendly visual that shows the literal meaning of “use” (يستخدم)","Clean 2D educational cartoon illustration for a Primary 4 English vocabulary flashcard; portrait 3:4 composition; warm pale-cream background; one focused child-friendly subject or scene; rounded friendly shapes; clean dark navy outlines; soft gentle shadows; bright but balanced colors; no text, English or Arabic letters, numbers, labels, logos, watermark, border, collage, split panel, or extra objects. Target word or phrase: “use”. Arabic teaching meaning for interpretation only: “يستخدم”. Show: a single clear, child-friendly visual that shows the literal meaning of “use” (يستخدم).",To generate
434,9,U1 L1,used,يستخدم,cartoon-434-used.png,"a single clear, child-friendly visual that shows the literal meaning of “used” (يستخدم)","Clean 2D educational cartoon illustration for a Primary 4 English vocabulary flashcard; portrait 3:4 composition; warm pale-cream background; one focused child-friendly subject or scene; rounded friendly shapes; clean dark navy outlines; soft gentle shadows; bright but balanced colors; no text, English or Arabic letters, numbers, labels, logos, watermark, border, collage, split panel, or extra objects. Target word or phrase: “used”. Arabic teaching meaning for interpretation only: “يستخدم”. Show: a single clear, child-friendly visual that shows the literal meaning of “used” (يستخدم).",To generate
435,9,U5 L3,usual,عادي / تقليدي,cartoon-435-usual.png,a child following their usual school morning routine,"Clean 2D educational cartoon illustration for a Primary 4 English vocabulary flashcard; portrait 3:4 composition; warm pale-cream background; one focused child-friendly subject or scene; rounded friendly shapes; clean dark navy outlines; soft gentle shadows; bright but balanced colors; no text, English or Arabic letters, numbers, labels, logos, watermark, border, collage, split panel, or extra objects. Target word or phrase: “usual”. Arabic teaching meaning for interpretation only: “عادي / تقليدي”. Show: a child following their usual school morning routine.",To generate
436,9,U1 L2,vegetables,خضروات,cartoon-436-vegetables.png,"a single clear, child-friendly visual that shows the literal meaning of “vegetables” (خضروات)","Clean 2D educational cartoon illustration for a Primary 4 English vocabulary flashcard; portrait 3:4 composition; warm pale-cream background; one focused child-friendly subject or scene; rounded friendly shapes; clean dark navy outlines; soft gentle shadows; bright but balanced colors; no text, English or Arabic letters, numbers, labels, logos, watermark, border, collage, split panel, or extra objects. Target word or phrase: “vegetables”. Arabic teaching meaning for interpretation only: “خضروات”. Show: a single clear, child-friendly visual that shows the literal meaning of “vegetables” (خضروات).",To generate
437,9,U5 L1,vest,سترة/قميص (بدون أكمام),cartoon-437-vest.png,"a single clear, child-friendly visual that shows the literal meaning of “vest” (سترة/قميص (بدون أكمام))","Clean 2D educational cartoon illustration for a Primary 4 English vocabulary flashcard; portrait 3:4 composition; warm pale-cream background; one focused child-friendly subject or scene; rounded friendly shapes; clean dark navy outlines; soft gentle shadows; bright but balanced colors; no text, English or Arabic letters, numbers, labels, logos, watermark, border, collage, split panel, or extra objects. Target word or phrase: “vest”. Arabic teaching meaning for interpretation only: “سترة/قميص (بدون أكمام)”. Show: a single clear, child-friendly visual that shows the literal meaning of “vest” (سترة/قميص (بدون أكمام)).",To generate
438,9,U3 L2,vet,طبيب بيطري,cartoon-438-vet.png,"a single clear, child-friendly visual that shows the literal meaning of “vet” (طبيب بيطري)","Clean 2D educational cartoon illustration for a Primary 4 English vocabulary flashcard; portrait 3:4 composition; warm pale-cream background; one focused child-friendly subject or scene; rounded friendly shapes; clean dark navy outlines; soft gentle shadows; bright but balanced colors; no text, English or Arabic letters, numbers, labels, logos, watermark, border, collage, split panel, or extra objects. Target word or phrase: “vet”. Arabic teaching meaning for interpretation only: “طبيب بيطري”. Show: a single clear, child-friendly visual that shows the literal meaning of “vet” (طبيب بيطري).",To generate
439,9,U3 L1,visitors,زوار,cartoon-439-visitors.png,"a single clear, child-friendly visual that shows the literal meaning of “visitors” (زوار)","Clean 2D educational cartoon illustration for a Primary 4 English vocabulary flashcard; portrait 3:4 composition; warm pale-cream background; one focused child-friendly subject or scene; rounded friendly shapes; clean dark navy outlines; soft gentle shadows; bright but balanced colors; no text, English or Arabic letters, numbers, labels, logos, watermark, border, collage, split panel, or extra objects. Target word or phrase: “visitors”. Arabic teaching meaning for interpretation only: “زوار”. Show: a single clear, child-friendly visual that shows the literal meaning of “visitors” (زوار).",To generate
440,9,U1 L2,vitamins,فيتامينات,cartoon-440-vitamins.png,"a single clear, child-friendly visual that shows the literal meaning of “vitamins” (فيتامينات)","Clean 2D educational cartoon illustration for a Primary 4 English vocabulary flashcard; portrait 3:4 composition; warm pale-cream background; one focused child-friendly subject or scene; rounded friendly shapes; clean dark navy outlines; soft gentle shadows; bright but balanced colors; no text, English or Arabic letters, numbers, labels, logos, watermark, border, collage, split panel, or extra objects. Target word or phrase: “vitamins”. Arabic teaching meaning for interpretation only: “فيتامينات”. Show: a single clear, child-friendly visual that shows the literal meaning of “vitamins” (فيتامينات).",To generate
441,9,U5 L2,voice,صوت (بشري),cartoon-441-voice.png,"a single clear, child-friendly visual that shows the literal meaning of “voice” (صوت (بشري))","Clean 2D educational cartoon illustration for a Primary 4 English vocabulary flashcard; portrait 3:4 composition; warm pale-cream background; one focused child-friendly subject or scene; rounded friendly shapes; clean dark navy outlines; soft gentle shadows; bright but balanced colors; no text, English or Arabic letters, numbers, labels, logos, watermark, border, collage, split panel, or extra objects. Target word or phrase: “voice”. Arabic teaching meaning for interpretation only: “صوت (بشري)”. Show: a single clear, child-friendly visual that shows the literal meaning of “voice” (صوت (بشري)).",To generate
442,9,U5 L2,voice-over actor,مؤدي صوتي,cartoon-442-voice-over-actor.png,"a single clear, child-friendly visual that shows the literal meaning of “voice-over actor” (مؤدي صوتي)","Clean 2D educational cartoon illustration for a Primary 4 English vocabulary flashcard; portrait 3:4 composition; warm pale-cream background; one focused child-friendly subject or scene; rounded friendly shapes; clean dark navy outlines; soft gentle shadows; bright but balanced colors; no text, English or Arabic letters, numbers, labels, logos, watermark, border, collage, split panel, or extra objects. Target word or phrase: “voice-over actor”. Arabic teaching meaning for interpretation only: “مؤدي صوتي”. Show: a single clear, child-friendly visual that shows the literal meaning of “voice-over actor” (مؤدي صوتي).",To generate
443,9,U1 L1,voices,أصوات (بشرية),cartoon-443-voices.png,"a single clear, child-friendly visual that shows the literal meaning of “voices” (أصوات (بشرية))","Clean 2D educational cartoon illustration for a Primary 4 English vocabulary flashcard; portrait 3:4 composition; warm pale-cream background; one focused child-friendly subject or scene; rounded friendly shapes; clean dark navy outlines; soft gentle shadows; bright but balanced colors; no text, English or Arabic letters, numbers, labels, logos, watermark, border, collage, split panel, or extra objects. Target word or phrase: “voices”. Arabic teaching meaning for interpretation only: “أصوات (بشرية)”. Show: a single clear, child-friendly visual that shows the literal meaning of “voices” (أصوات (بشرية)).",To generate
444,9,U2 L1,volunteer,يتطوع,cartoon-444-volunteer.png,"a single clear, child-friendly visual that shows the literal meaning of “volunteer” (يتطوع)","Clean 2D educational cartoon illustration for a Primary 4 English vocabulary flashcard; portrait 3:4 composition; warm pale-cream background; one focused child-friendly subject or scene; rounded friendly shapes; clean dark navy outlines; soft gentle shadows; bright but balanced colors; no text, English or Arabic letters, numbers, labels, logos, watermark, border, collage, split panel, or extra objects. Target word or phrase: “volunteer”. Arabic teaching meaning for interpretation only: “يتطوع”. Show: a single clear, child-friendly visual that shows the literal meaning of “volunteer” (يتطوع).",To generate
445,9,U2 L1,volunteered,يتطوع,cartoon-445-volunteered.png,"a single clear, child-friendly visual that shows the literal meaning of “volunteered” (يتطوع)","Clean 2D educational cartoon illustration for a Primary 4 English vocabulary flashcard; portrait 3:4 composition; warm pale-cream background; one focused child-friendly subject or scene; rounded friendly shapes; clean dark navy outlines; soft gentle shadows; bright but balanced colors; no text, English or Arabic letters, numbers, labels, logos, watermark, border, collage, split panel, or extra objects. Target word or phrase: “volunteered”. Arabic teaching meaning for interpretation only: “يتطوع”. Show: a single clear, child-friendly visual that shows the literal meaning of “volunteered” (يتطوع).",To generate
446,9,U1 L2,wake up early,يستيقظ مبكرًا,cartoon-446-wake-up-early.png,a child waking up early as morning sunlight enters the bedroom,"Clean 2D educational cartoon illustration for a Primary 4 English vocabulary flashcard; portrait 3:4 composition; warm pale-cream background; one focused child-friendly subject or scene; rounded friendly shapes; clean dark navy outlines; soft gentle shadows; bright but balanced colors; no text, English or Arabic letters, numbers, labels, logos, watermark, border, collage, split panel, or extra objects. Target word or phrase: “wake up early”. Arabic teaching meaning for interpretation only: “يستيقظ مبكرًا”. Show: a child waking up early as morning sunlight enters the bedroom.",To generate
447,9,U2 L4&5,walk,يمشي,cartoon-447-walk.png,"a single clear, child-friendly visual that shows the literal meaning of “walk” (يمشي)","Clean 2D educational cartoon illustration for a Primary 4 English vocabulary flashcard; portrait 3:4 composition; warm pale-cream background; one focused child-friendly subject or scene; rounded friendly shapes; clean dark navy outlines; soft gentle shadows; bright but balanced colors; no text, English or Arabic letters, numbers, labels, logos, watermark, border, collage, split panel, or extra objects. Target word or phrase: “walk”. Arabic teaching meaning for interpretation only: “يمشي”. Show: a single clear, child-friendly visual that shows the literal meaning of “walk” (يمشي).",To generate
448,9,U1 L3,walk through,يتجول في,cartoon-448-walk-through.png,a family walking through a forest path,"Clean 2D educational cartoon illustration for a Primary 4 English vocabulary flashcard; portrait 3:4 composition; warm pale-cream background; one focused child-friendly subject or scene; rounded friendly shapes; clean dark navy outlines; soft gentle shadows; bright but balanced colors; no text, English or Arabic letters, numbers, labels, logos, watermark, border, collage, split panel, or extra objects. Target word or phrase: “walk through”. Arabic teaching meaning for interpretation only: “يتجول في”. Show: a family walking through a forest path.",To generate
449,9,U2 L4&5,walked,يمشي,cartoon-449-walked.png,a child walking along a safe path,"Clean 2D educational cartoon illustration for a Primary 4 English vocabulary flashcard; portrait 3:4 composition; warm pale-cream background; one focused child-friendly subject or scene; rounded friendly shapes; clean dark navy outlines; soft gentle shadows; bright but balanced colors; no text, English or Arabic letters, numbers, labels, logos, watermark, border, collage, split panel, or extra objects. Target word or phrase: “walked”. Arabic teaching meaning for interpretation only: “يمشي”. Show: a child walking along a safe path.",To generate
450,9,U4 L4&5,warm clothes,ملابس ثقيلة,cartoon-450-warm-clothes.png,"a single clear, child-friendly visual that shows the literal meaning of “warm clothes” (ملابس ثقيلة)","Clean 2D educational cartoon illustration for a Primary 4 English vocabulary flashcard; portrait 3:4 composition; warm pale-cream background; one focused child-friendly subject or scene; rounded friendly shapes; clean dark navy outlines; soft gentle shadows; bright but balanced colors; no text, English or Arabic letters, numbers, labels, logos, watermark, border, collage, split panel, or extra objects. Target word or phrase: “warm clothes”. Arabic teaching meaning for interpretation only: “ملابس ثقيلة”. Show: a single clear, child-friendly visual that shows the literal meaning of “warm clothes” (ملابس ثقيلة).",To generate
451,9,U1 L2,wash face,يغسل الوجه,cartoon-451-wash-face.png,"a single clear, child-friendly visual that shows the literal meaning of “wash face” (يغسل الوجه)","Clean 2D educational cartoon illustration for a Primary 4 English vocabulary flashcard; portrait 3:4 composition; warm pale-cream background; one focused child-friendly subject or scene; rounded friendly shapes; clean dark navy outlines; soft gentle shadows; bright but balanced colors; no text, English or Arabic letters, numbers, labels, logos, watermark, border, collage, split panel, or extra objects. Target word or phrase: “wash face”. Arabic teaching meaning for interpretation only: “يغسل الوجه”. Show: a single clear, child-friendly visual that shows the literal meaning of “wash face” (يغسل الوجه).",To generate
452,9,U5 L4&5,water hoses,خراطيم المياه,cartoon-452-water-hoses.png,"a single clear, child-friendly visual that shows the literal meaning of “water hoses” (خراطيم المياه)","Clean 2D educational cartoon illustration for a Primary 4 English vocabulary flashcard; portrait 3:4 composition; warm pale-cream background; one focused child-friendly subject or scene; rounded friendly shapes; clean dark navy outlines; soft gentle shadows; bright but balanced colors; no text, English or Arabic letters, numbers, labels, logos, watermark, border, collage, split panel, or extra objects. Target word or phrase: “water hoses”. Arabic teaching meaning for interpretation only: “خراطيم المياه”. Show: a single clear, child-friendly visual that shows the literal meaning of “water hoses” (خراطيم المياه).",To generate
453,9,U3 L3,weak,ضعيف,cartoon-453-weak.png,a small weak plant needing water beside a strong healthy plant,"Clean 2D educational cartoon illustration for a Primary 4 English vocabulary flashcard; portrait 3:4 composition; warm pale-cream background; one focused child-friendly subject or scene; rounded friendly shapes; clean dark navy outlines; soft gentle shadows; bright but balanced colors; no text, English or Arabic letters, numbers, labels, logos, watermark, border, collage, split panel, or extra objects. Target word or phrase: “weak”. Arabic teaching meaning for interpretation only: “ضعيف”. Show: a small weak plant needing water beside a strong healthy plant.",To generate
454,9,U2 L3,wear,يرتدي,cartoon-454-wear.png,"a single clear, child-friendly visual that shows the literal meaning of “wear” (يرتدي)","Clean 2D educational cartoon illustration for a Primary 4 English vocabulary flashcard; portrait 3:4 composition; warm pale-cream background; one focused child-friendly subject or scene; rounded friendly shapes; clean dark navy outlines; soft gentle shadows; bright but balanced colors; no text, English or Arabic letters, numbers, labels, logos, watermark, border, collage, split panel, or extra objects. Target word or phrase: “wear”. Arabic teaching meaning for interpretation only: “يرتدي”. Show: a single clear, child-friendly visual that shows the literal meaning of “wear” (يرتدي).",To generate
455,9,U2 L3,weave,ينسج,cartoon-455-weave.png,"a single clear, child-friendly visual that shows the literal meaning of “weave” (ينسج)","Clean 2D educational cartoon illustration for a Primary 4 English vocabulary flashcard; portrait 3:4 composition; warm pale-cream background; one focused child-friendly subject or scene; rounded friendly shapes; clean dark navy outlines; soft gentle shadows; bright but balanced colors; no text, English or Arabic letters, numbers, labels, logos, watermark, border, collage, split panel, or extra objects. Target word or phrase: “weave”. Arabic teaching meaning for interpretation only: “ينسج”. Show: a single clear, child-friendly visual that shows the literal meaning of “weave” (ينسج).",To generate
456,9,U1 L1,What a beautiful day!,يا له من يوم جميل!,cartoon-456-what-a-beautiful-day.png,children happily enjoying a beautiful sunny day in a green park,"Clean 2D educational cartoon illustration for a Primary 4 English vocabulary flashcard; portrait 3:4 composition; warm pale-cream background; one focused child-friendly subject or scene; rounded friendly shapes; clean dark navy outlines; soft gentle shadows; bright but balanced colors; no text, English or Arabic letters, numbers, labels, logos, watermark, border, collage, split panel, or extra objects. Target word or phrase: “What a beautiful day!”. Arabic teaching meaning for interpretation only: “يا له من يوم جميل!”. Show: children happily enjoying a beautiful sunny day in a green park.",To generate
457,9,U3 L2,wild,البرية,cartoon-457-wild.png,wild animals living freely in a forest,"Clean 2D educational cartoon illustration for a Primary 4 English vocabulary flashcard; portrait 3:4 composition; warm pale-cream background; one focused child-friendly subject or scene; rounded friendly shapes; clean dark navy outlines; soft gentle shadows; bright but balanced colors; no text, English or Arabic letters, numbers, labels, logos, watermark, border, collage, split panel, or extra objects. Target word or phrase: “wild”. Arabic teaching meaning for interpretation only: “البرية”. Show: wild animals living freely in a forest.",To generate
458,9,U3 L2,wild animals,الحيوانات البرية,cartoon-458-wild-animals.png,"a single clear, child-friendly visual that shows the literal meaning of “wild animals” (الحيوانات البرية)","Clean 2D educational cartoon illustration for a Primary 4 English vocabulary flashcard; portrait 3:4 composition; warm pale-cream background; one focused child-friendly subject or scene; rounded friendly shapes; clean dark navy outlines; soft gentle shadows; bright but balanced colors; no text, English or Arabic letters, numbers, labels, logos, watermark, border, collage, split panel, or extra objects. Target word or phrase: “wild animals”. Arabic teaching meaning for interpretation only: “الحيوانات البرية”. Show: a single clear, child-friendly visual that shows the literal meaning of “wild animals” (الحيوانات البرية).",To generate
459,9,U5 L2,wildlife photographer,مصور الحياة البرية,cartoon-459-wildlife-photographer.png,"a single clear, child-friendly visual that shows the literal meaning of “wildlife photographer” (مصور الحياة البرية)","Clean 2D educational cartoon illustration for a Primary 4 English vocabulary flashcard; portrait 3:4 composition; warm pale-cream background; one focused child-friendly subject or scene; rounded friendly shapes; clean dark navy outlines; soft gentle shadows; bright but balanced colors; no text, English or Arabic letters, numbers, labels, logos, watermark, border, collage, split panel, or extra objects. Target word or phrase: “wildlife photographer”. Arabic teaching meaning for interpretation only: “مصور الحياة البرية”. Show: a single clear, child-friendly visual that shows the literal meaning of “wildlife photographer” (مصور الحياة البرية).",To generate
460,9,U6 LStory,winner,فائز,cartoon-460-winner.png,a proud child holding a gold medal after a friendly school competition,"Clean 2D educational cartoon illustration for a Primary 4 English vocabulary flashcard; portrait 3:4 composition; warm pale-cream background; one focused child-friendly subject or scene; rounded friendly shapes; clean dark navy outlines; soft gentle shadows; bright but balanced colors; no text, English or Arabic letters, numbers, labels, logos, watermark, border, collage, split panel, or extra objects. Target word or phrase: “winner”. Arabic teaching meaning for interpretation only: “فائز”. Show: a proud child holding a gold medal after a friendly school competition.",To generate
461,10,U3 L3,wise,حكيم,cartoon-461-wise.png,a wise old owl reading a blank book in a tree,"Clean 2D educational cartoon illustration for a Primary 4 English vocabulary flashcard; portrait 3:4 composition; warm pale-cream background; one focused child-friendly subject or scene; rounded friendly shapes; clean dark navy outlines; soft gentle shadows; bright but balanced colors; no text, English or Arabic letters, numbers, labels, logos, watermark, border, collage, split panel, or extra objects. Target word or phrase: “wise”. Arabic teaching meaning for interpretation only: “حكيم”. Show: a wise old owl reading a blank book in a tree.",To generate
462,10,U1 L3,wonderful,رائع,cartoon-462-wonderful.png,a child looking delighted at a wonderful colourful garden,"Clean 2D educational cartoon illustration for a Primary 4 English vocabulary flashcard; portrait 3:4 composition; warm pale-cream background; one focused child-friendly subject or scene; rounded friendly shapes; clean dark navy outlines; soft gentle shadows; bright but balanced colors; no text, English or Arabic letters, numbers, labels, logos, watermark, border, collage, split panel, or extra objects. Target word or phrase: “wonderful”. Arabic teaching meaning for interpretation only: “رائع”. Show: a child looking delighted at a wonderful colourful garden.",To generate
463,10,U2 L4&5,wooden,خشبي,cartoon-463-wooden.png,"a single clear, child-friendly visual that shows the literal meaning of “wooden” (خشبي)","Clean 2D educational cartoon illustration for a Primary 4 English vocabulary flashcard; portrait 3:4 composition; warm pale-cream background; one focused child-friendly subject or scene; rounded friendly shapes; clean dark navy outlines; soft gentle shadows; bright but balanced colors; no text, English or Arabic letters, numbers, labels, logos, watermark, border, collage, split panel, or extra objects. Target word or phrase: “wooden”. Arabic teaching meaning for interpretation only: “خشبي”. Show: a single clear, child-friendly visual that shows the literal meaning of “wooden” (خشبي).",To generate
464,10,U2 L3,wore,يرتدي,cartoon-464-wore.png,"a single clear, child-friendly visual that shows the literal meaning of “wore” (يرتدي)","Clean 2D educational cartoon illustration for a Primary 4 English vocabulary flashcard; portrait 3:4 composition; warm pale-cream background; one focused child-friendly subject or scene; rounded friendly shapes; clean dark navy outlines; soft gentle shadows; bright but balanced colors; no text, English or Arabic letters, numbers, labels, logos, watermark, border, collage, split panel, or extra objects. Target word or phrase: “wore”. Arabic teaching meaning for interpretation only: “يرتدي”. Show: a single clear, child-friendly visual that shows the literal meaning of “wore” (يرتدي).",To generate
465,10,U3 L1,work as,يعمل كـ,cartoon-465-work-as.png,"an adult working as a forest guide, helping children on a safe nature walk","Clean 2D educational cartoon illustration for a Primary 4 English vocabulary flashcard; portrait 3:4 composition; warm pale-cream background; one focused child-friendly subject or scene; rounded friendly shapes; clean dark navy outlines; soft gentle shadows; bright but balanced colors; no text, English or Arabic letters, numbers, labels, logos, watermark, border, collage, split panel, or extra objects. Target word or phrase: “work as”. Arabic teaching meaning for interpretation only: “يعمل كـ”. Show: an adult working as a forest guide, helping children on a safe nature walk.",To generate
466,10,U2 L3,wove,ينسج,cartoon-466-wove.png,"a single clear, child-friendly visual that shows the literal meaning of “wove” (ينسج)","Clean 2D educational cartoon illustration for a Primary 4 English vocabulary flashcard; portrait 3:4 composition; warm pale-cream background; one focused child-friendly subject or scene; rounded friendly shapes; clean dark navy outlines; soft gentle shadows; bright but balanced colors; no text, English or Arabic letters, numbers, labels, logos, watermark, border, collage, split panel, or extra objects. Target word or phrase: “wove”. Arabic teaching meaning for interpretation only: “ينسج”. Show: a single clear, child-friendly visual that shows the literal meaning of “wove” (ينسج).",To generate
467,10,U2 L4&5,Yours truly,مع خالص تحياتي,cartoon-467-yours-truly.png,"a child placing a blank friendly letter into an envelope, with no words","Clean 2D educational cartoon illustration for a Primary 4 English vocabulary flashcard; portrait 3:4 composition; warm pale-cream background; one focused child-friendly subject or scene; rounded friendly shapes; clean dark navy outlines; soft gentle shadows; bright but balanced colors; no text, English or Arabic letters, numbers, labels, logos, watermark, border, collage, split panel, or extra objects. Target word or phrase: “Yours truly”. Arabic teaching meaning for interpretation only: “مع خالص تحياتي”. Show: a child placing a blank friendly letter into an envelope, with no words.",To generate
468,10,U1 L3,yummy,لذيذ,cartoon-468-yummy.png,a smiling child enjoying a yummy bowl of fruit salad,"Clean 2D educational cartoon illustration for a Primary 4 English vocabulary flashcard; portrait 3:4 composition; warm pale-cream background; one focused child-friendly subject or scene; rounded friendly shapes; clean dark navy outlines; soft gentle shadows; bright but balanced colors; no text, English or Arabic letters, numbers, labels, logos, watermark, border, collage, split panel, or extra objects. Target word or phrase: “yummy”. Arabic teaching meaning for interpretation only: “لذيذ”. Show: a smiling child enjoying a yummy bowl of fruit salad.",To generate
469,10,U3 L1,zebra,حمار وحشي,cartoon-469-zebra.png,"a single clear, child-friendly visual that shows the literal meaning of “zebra” (حمار وحشي)","Clean 2D educational cartoon illustration for a Primary 4 English vocabulary flashcard; portrait 3:4 composition; warm pale-cream background; one focused child-friendly subject or scene; rounded friendly shapes; clean dark navy outlines; soft gentle shadows; bright but balanced colors; no text, English or Arabic letters, numbers, labels, logos, watermark, border, collage, split panel, or extra objects. Target word or phrase: “zebra”. Arabic teaching meaning for interpretation only: “حمار وحشي”. Show: a single clear, child-friendly visual that shows the literal meaning of “zebra” (حمار وحشي).",To generate
